index,text_index,ref_audio_index,ref_audio_url,status_code,ok,submit_ms,end_to_end_ms,elapsed_ms,audio_duration_ms,rtf,size_bytes,cache_hit,request_id,transcript,chunks_total,chunks_completed,chunks_failed,error
0,0,0,https://cdn.hailuoai.video/moss/prod/2026-05-14-05/moss-audio/voice/u_2054676293873570458/demo/1778708587932629888-397944920203503_German.mp3,200,True,469.5260829976178,4588.267541999812,4588.267541999812,6270.0,0.7317811071770035,101813,true,324333a4-f3c7-4d01-a1e2-ab313654ecaa,Guten%20Tag%2C%20ich%20freue%20mich%2C%20Sie%20bei%20unseren%20Sprachdiensten%20unterst%C3%BCtzen%20zu%20d%C3%BCrfen.%20W%C3%A4hlen%20Sie%20Ihre%20bevorzugte%20Stimme%20aus%20und%20lassen%20Sie%20uns%20gemeinsam%20Ihre%20Audio-Welt%20gestalten.,1,1,0,
1,0,0,https://cdn.hailuoai.video/moss/prod/2026-05-14-05/moss-audio/voice/u_2054676293873570458/demo/1778708587932629888-397944920203503_German.mp3,200,True,489.94404100085376,11578.963750002004,11578.963750002004,6280.0,1.8437840366245228,101813,true,37cb5888-2c4b-4588-b609-114e546a43e4,Guten%20Tag%2C%20ich%20freue%20mich%2C%20Sie%20bei%20unseren%20Sprachdiensten%20unterst%C3%BCtzen%20zu%20d%C3%BCrfen.%20W%C3%A4hlen%20Sie%20Ihre%20bevorzugte%20Stimme%20aus%20und%20lassen%20Sie%20uns%20gemeinsam%20Ihre%20Audio-Welt%20gestalten.,1,1,0,
2,0,0,https://cdn.hailuoai.video/moss/prod/2026-05-14-05/moss-audio/voice/u_2054676293873570458/demo/1778708587932629888-397944920203503_German.mp3,200,True,480.39641699870117,7955.066166996403,7955.066166996403,6230.0,1.2768966560186843,101045,true,d1f231a3-0973-4003-84a4-cd3200d4171a,Guten%20Tag%2C%20ich%20freue%20mich%2C%20Sie%20bei%20unseren%20Sprachdiensten%20unterst%C3%BCtzen%20zu%20d%C3%BCrfen.%20W%C3%A4hlen%20Sie%20Ihre%20bevorzugte%20Stimme%20aus%20und%20lassen%20Sie%20uns%20gemeinsam%20Ihre%20Audio-Welt%20gestalten.,1,1,0,
3,0,0,https://cdn.hailuoai.video/moss/prod/2026-05-14-05/moss-audio/voice/u_2054676293873570458/demo/1778708587932629888-397944920203503_German.mp3,200,True,479.9603749997914,8937.829083002725,8937.829083002725,6280.0,1.4232211915609436,101813,true,6726ba74-eb1b-4420-9b25-833cf10185b7,Guten%20Tag%2C%20ich%20freue%20mich%2C%20Sie%20bei%20unseren%20Sprachdiensten%20unterst%C3%BCtzen%20zu%20d%C3%BCrfen.%20W%C3%A4hlen%20Sie%20Ihre%20bevorzugte%20Stimme%20aus%20und%20lassen%20Sie%20uns%20gemeinsam%20Ihre%20Audio-Welt%20gestalten.,1,1,0,
4,0,0,https://cdn.hailuoai.video/moss/prod/2026-05-14-05/moss-audio/voice/u_2054676293873570458/demo/1778708587932629888-397944920203503_German.mp3,200,True,479.74608399817953,4661.24845900049,4661.24845900049,6280.0,0.7422370157644091,101813,true,849138ae-163b-4d08-ad58-9c0dba3835af,Guten%20Tag%2C%20ich%20freue%20mich%2C%20Sie%20bei%20unseren%20Sprachdiensten%20unterst%C3%BCtzen%20zu%20d%C3%BCrfen.%20W%C3%A4hlen%20Sie%20Ihre%20bevorzugte%20Stimme%20aus%20und%20lassen%20Sie%20uns%20gemeinsam%20Ihre%20Audio-Welt%20gestalten.,1,1,0,
5,0,0,https://cdn.hailuoai.video/moss/prod/2026-05-14-05/moss-audio/voice/u_2054676293873570458/demo/1778708587932629888-397944920203503_German.mp3,200,True,485.0809579984343,7871.246082999278,7871.246082999278,6280.0,1.2533831342355537,101813,true,7f8401d7-65e1-4e33-b2c6-cf1ef2ff25ec,Guten%20Tag%2C%20ich%20freue%20mich%2C%20Sie%20bei%20unseren%20Sprachdiensten%20unterst%C3%BCtzen%20zu%20d%C3%BCrfen.%20W%C3%A4hlen%20Sie%20Ihre%20bevorzugte%20Stimme%20aus%20und%20lassen%20Sie%20uns%20gemeinsam%20Ihre%20Audio-Welt%20gestalten.,1,1,0,
6,0,0,https://cdn.hailuoai.video/moss/prod/2026-05-14-05/moss-audio/voice/u_2054676293873570458/demo/1778708587932629888-397944920203503_German.mp3,200,True,491.21124999874155,7154.55374999874,7154.55374999874,6280.0,1.1392601512736849,101813,true,fbfb5490-baff-4f8e-9158-6aa33248c75e,Guten%20Tag%2C%20ich%20freue%20mich%2C%20Sie%20bei%20unseren%20Sprachdiensten%20unterst%C3%BCtzen%20zu%20d%C3%BCrfen.%20W%C3%A4hlen%20Sie%20Ihre%20bevorzugte%20Stimme%20aus%20und%20lassen%20Sie%20uns%20gemeinsam%20Ihre%20Audio-Welt%20gestalten.,1,1,0,
7,0,0,https://cdn.hailuoai.video/moss/prod/2026-05-14-05/moss-audio/voice/u_2054676293873570458/demo/1778708587932629888-397944920203503_German.mp3,200,True,466.76470799866365,5337.316916997224,5337.316916997224,6200.0,0.8608575672576169,100661,true,52742625-cbbd-4303-af90-40ed17333885,Guten%20Tag%2C%20ich%20freue%20mich%2C%20Sie%20bei%20unseren%20Sprachdiensten%20unterst%C3%BCtzen%20zu%20d%C3%BCrfen.%20W%C3%A4hlen%20Sie%20Ihre%20bevorzugte%20Stimme%20aus%20und%20lassen%20Sie%20uns%20gemeinsam%20Ihre%20Audio-Welt%20gestalten.,1,1,0,
8,0,0,https://cdn.hailuoai.video/moss/prod/2026-05-14-05/moss-audio/voice/u_2054676293873570458/demo/1778708587932629888-397944920203503_German.mp3,200,True,487.3070829999051,8348.09445800056,8348.09445800056,6280.0,1.3293144041402165,101813,true,1c0fb12b-c4ac-4b11-851a-f265f9369667,Guten%20Tag%2C%20ich%20freue%20mich%2C%20Sie%20bei%20unseren%20Sprachdiensten%20unterst%C3%BCtzen%20zu%20d%C3%BCrfen.%20W%C3%A4hlen%20Sie%20Ihre%20bevorzugte%20Stimme%20aus%20und%20lassen%20Sie%20uns%20gemeinsam%20Ihre%20Audio-Welt%20gestalten.,1,1,0,
9,0,0,https://cdn.hailuoai.video/moss/prod/2026-05-14-05/moss-audio/voice/u_2054676293873570458/demo/1778708587932629888-397944920203503_German.mp3,200,True,462.31387499938137,5378.566124996723,5378.566124996723,6280.0,0.8564595740440643,101813,true,9eca44a9-14c1-486a-9803-511ebbf48afa,Guten%20Tag%2C%20ich%20freue%20mich%2C%20Sie%20bei%20unseren%20Sprachdiensten%20unterst%C3%BCtzen%20zu%20d%C3%BCrfen.%20W%C3%A4hlen%20Sie%20Ihre%20bevorzugte%20Stimme%20aus%20und%20lassen%20Sie%20uns%20gemeinsam%20Ihre%20Audio-Welt%20gestalten.,1,1,0,
10,0,0,https://cdn.hailuoai.video/moss/prod/2026-05-14-05/moss-audio/voice/u_2054676293873570458/demo/1778708587932629888-397944920203503_German.mp3,200,True,491.6817919984169,11635.007708999183,11635.007708999183,6240.0,1.864584568749869,101045,true,f0910dad-c8d7-4473-b773-0c16ec18470b,Guten%20Tag%2C%20ich%20freue%20mich%2C%20Sie%20bei%20unseren%20Sprachdiensten%20unterst%C3%BCtzen%20zu%20d%C3%BCrfen.%20W%C3%A4hlen%20Sie%20Ihre%20bevorzugte%20Stimme%20aus%20und%20lassen%20Sie%20uns%20gemeinsam%20Ihre%20Audio-Welt%20gestalten.,1,1,0,
11,0,0,https://cdn.hailuoai.video/moss/prod/2026-05-14-05/moss-audio/voice/u_2054676293873570458/demo/1778708587932629888-397944920203503_German.mp3,200,True,493.3479579995037,11617.400125000131,11617.400125000131,6240.0,1.8617628405448927,101045,true,21720be4-054e-4293-973a-18d6ce0e9013,Guten%20Tag%2C%20ich%20freue%20mich%2C%20Sie%20bei%20unseren%20Sprachdiensten%20unterst%C3%BCtzen%20zu%20d%C3%BCrfen.%20W%C3%A4hlen%20Sie%20Ihre%20bevorzugte%20Stimme%20aus%20und%20lassen%20Sie%20uns%20gemeinsam%20Ihre%20Audio-Welt%20gestalten.,1,1,0,
12,0,0,https://cdn.hailuoai.video/moss/prod/2026-05-14-05/moss-audio/voice/u_2054676293873570458/demo/1778708587932629888-397944920203503_German.mp3,200,True,468.1504580003093,5394.984040998679,5394.984040998679,6230.0,0.86596854590669,101045,true,5df7f5b3-dd02-40d2-8bd9-8a154ffb1a4d,Guten%20Tag%2C%20ich%20freue%20mich%2C%20Sie%20bei%20unseren%20Sprachdiensten%20unterst%C3%BCtzen%20zu%20d%C3%BCrfen.%20W%C3%A4hlen%20Sie%20Ihre%20bevorzugte%20Stimme%20aus%20und%20lassen%20Sie%20uns%20gemeinsam%20Ihre%20Audio-Welt%20gestalten.,1,1,0,
13,0,0,https://cdn.hailuoai.video/moss/prod/2026-05-14-05/moss-audio/voice/u_2054676293873570458/demo/1778708587932629888-397944920203503_German.mp3,200,True,487.45229199994355,10617.279707999842,10617.279707999842,6280.0,1.6906496350318219,101813,true,ede2c924-9ba7-4b08-b5d9-0fd020d42a30,Guten%20Tag%2C%20ich%20freue%20mich%2C%20Sie%20bei%20unseren%20Sprachdiensten%20unterst%C3%BCtzen%20zu%20d%C3%BCrfen.%20W%C3%A4hlen%20Sie%20Ihre%20bevorzugte%20Stimme%20aus%20und%20lassen%20Sie%20uns%20gemeinsam%20Ihre%20Audio-Welt%20gestalten.,1,1,0,
14,0,0,https://cdn.hailuoai.video/moss/prod/2026-05-14-05/moss-audio/voice/u_2054676293873570458/demo/1778708587932629888-397944920203503_German.mp3,200,True,474.6897910008556,8395.187165999232,8395.187165999232,6280.0,1.3368132429935082,101813,true,f4296913-70a1-4b9c-9b69-24e37b4bc463,Guten%20Tag%2C%20ich%20freue%20mich%2C%20Sie%20bei%20unseren%20Sprachdiensten%20unterst%C3%BCtzen%20zu%20d%C3%BCrfen.%20W%C3%A4hlen%20Sie%20Ihre%20bevorzugte%20Stimme%20aus%20und%20lassen%20Sie%20uns%20gemeinsam%20Ihre%20Audio-Welt%20gestalten.,1,1,0,
15,0,0,https://cdn.hailuoai.video/moss/prod/2026-05-14-05/moss-audio/voice/u_2054676293873570458/demo/1778708587932629888-397944920203503_German.mp3,200,True,482.9256250013714,7988.470041000255,7988.470041000255,6280.0,1.272049369586028,101813,true,7c7973f9-6c23-4dab-8089-59991c62d163,Guten%20Tag%2C%20ich%20freue%20mich%2C%20Sie%20bei%20unseren%20Sprachdiensten%20unterst%C3%BCtzen%20zu%20d%C3%BCrfen.%20W%C3%A4hlen%20Sie%20Ihre%20bevorzugte%20Stimme%20aus%20und%20lassen%20Sie%20uns%20gemeinsam%20Ihre%20Audio-Welt%20gestalten.,1,1,0,
16,0,0,https://cdn.hailuoai.video/moss/prod/2026-05-14-05/moss-audio/voice/u_2054676293873570458/demo/1778708587932629888-397944920203503_German.mp3,200,True,487.4496249976801,11649.048540999502,11649.048540999502,6230.0,1.8698312264846713,101045,true,8bae007a-c2a6-40be-a664-28acfde84e36,Guten%20Tag%2C%20ich%20freue%20mich%2C%20Sie%20bei%20unseren%20Sprachdiensten%20unterst%C3%BCtzen%20zu%20d%C3%BCrfen.%20W%C3%A4hlen%20Sie%20Ihre%20bevorzugte%20Stimme%20aus%20und%20lassen%20Sie%20uns%20gemeinsam%20Ihre%20Audio-Welt%20gestalten.,1,1,0,
17,0,0,https://cdn.hailuoai.video/moss/prod/2026-05-14-05/moss-audio/voice/u_2054676293873570458/demo/1778708587932629888-397944920203503_German.mp3,200,True,485.6389999986277,8377.423875001114,8377.423875001114,6280.0,1.333984693471515,101813,true,d6371d7c-cc5a-479e-b30e-546b322d0853,Guten%20Tag%2C%20ich%20freue%20mich%2C%20Sie%20bei%20unseren%20Sprachdiensten%20unterst%C3%BCtzen%20zu%20d%C3%BCrfen.%20W%C3%A4hlen%20Sie%20Ihre%20bevorzugte%20Stimme%20aus%20und%20lassen%20Sie%20uns%20gemeinsam%20Ihre%20Audio-Welt%20gestalten.,1,1,0,
18,0,0,https://cdn.hailuoai.video/moss/prod/2026-05-14-05/moss-audio/voice/u_2054676293873570458/demo/1778708587932629888-397944920203503_German.mp3,200,True,485.69299999871873,7972.163416001422,7972.163416001422,6250.0,1.2755461465602276,101429,true,efdcbdd0-7dc4-40be-a900-2001de365369,Guten%20Tag%2C%20ich%20freue%20mich%2C%20Sie%20bei%20unseren%20Sprachdiensten%20unterst%C3%BCtzen%20zu%20d%C3%BCrfen.%20W%C3%A4hlen%20Sie%20Ihre%20bevorzugte%20Stimme%20aus%20und%20lassen%20Sie%20uns%20gemeinsam%20Ihre%20Audio-Welt%20gestalten.,1,1,0,
19,0,0,https://cdn.hailuoai.video/moss/prod/2026-05-14-05/moss-audio/voice/u_2054676293873570458/demo/1778708587932629888-397944920203503_German.mp3,200,True,482.73287499978323,7850.7286659987585,7850.7286659987585,6260.0,1.2541100105429326,101429,true,f4ac062e-1aff-4f14-a55a-4dfe8572fe5a,Guten%20Tag%2C%20ich%20freue%20mich%2C%20Sie%20bei%20unseren%20Sprachdiensten%20unterst%C3%BCtzen%20zu%20d%C3%BCrfen.%20W%C3%A4hlen%20Sie%20Ihre%20bevorzugte%20Stimme%20aus%20und%20lassen%20Sie%20uns%20gemeinsam%20Ihre%20Audio-Welt%20gestalten.,1,1,0,
20,0,0,https://cdn.hailuoai.video/moss/prod/2026-05-14-05/moss-audio/voice/u_2054676293873570458/demo/1778708587932629888-397944920203503_German.mp3,200,True,467.87145900088944,4698.500875001628,4698.500875001628,6280.0,0.7481689291403866,101813,true,973b2e49-dd6d-4e7c-84b0-89c783b2bc28,Guten%20Tag%2C%20ich%20freue%20mich%2C%20Sie%20bei%20unseren%20Sprachdiensten%20unterst%C3%BCtzen%20zu%20d%C3%BCrfen.%20W%C3%A4hlen%20Sie%20Ihre%20bevorzugte%20Stimme%20aus%20und%20lassen%20Sie%20uns%20gemeinsam%20Ihre%20Audio-Welt%20gestalten.,1,1,0,
21,0,0,https://cdn.hailuoai.video/moss/prod/2026-05-14-05/moss-audio/voice/u_2054676293873570458/demo/1778708587932629888-397944920203503_German.mp3,200,True,464.5333330008725,5408.925874999113,5408.925874999113,6240.0,0.8668150440703707,101045,true,ca18b138-fe4e-441a-95b9-6ce6fb18ffb0,Guten%20Tag%2C%20ich%20freue%20mich%2C%20Sie%20bei%20unseren%20Sprachdiensten%20unterst%C3%BCtzen%20zu%20d%C3%BCrfen.%20W%C3%A4hlen%20Sie%20Ihre%20bevorzugte%20Stimme%20aus%20und%20lassen%20Sie%20uns%20gemeinsam%20Ihre%20Audio-Welt%20gestalten.,1,1,0,
22,0,0,https://cdn.hailuoai.video/moss/prod/2026-05-14-05/moss-audio/voice/u_2054676293873570458/demo/1778708587932629888-397944920203503_German.mp3,200,True,467.9733329976443,5664.133166999818,5664.133166999818,6270.0,0.9033705210526025,101813,true,5c0f54e5-d6d6-4e6d-a1aa-0c09c902b1c6,Guten%20Tag%2C%20ich%20freue%20mich%2C%20Sie%20bei%20unseren%20Sprachdiensten%20unterst%C3%BCtzen%20zu%20d%C3%BCrfen.%20W%C3%A4hlen%20Sie%20Ihre%20bevorzugte%20Stimme%20aus%20und%20lassen%20Sie%20uns%20gemeinsam%20Ihre%20Audio-Welt%20gestalten.,1,1,0,
23,0,0,https://cdn.hailuoai.video/moss/prod/2026-05-14-05/moss-audio/voice/u_2054676293873570458/demo/1778708587932629888-397944920203503_German.mp3,200,True,465.0729999993928,5693.89104199945,5693.89104199945,6280.0,0.9066705480890844,101813,true,2f9f5d18-bb13-4bb9-b9bb-db0b2458e721,Guten%20Tag%2C%20ich%20freue%20mich%2C%20Sie%20bei%20unseren%20Sprachdiensten%20unterst%C3%BCtzen%20zu%20d%C3%BCrfen.%20W%C3%A4hlen%20Sie%20Ihre%20bevorzugte%20Stimme%20aus%20und%20lassen%20Sie%20uns%20gemeinsam%20Ihre%20Audio-Welt%20gestalten.,1,1,0,
24,0,0,https://cdn.hailuoai.video/moss/prod/2026-05-14-05/moss-audio/voice/u_2054676293873570458/demo/1778708587932629888-397944920203503_German.mp3,200,True,483.6156249984924,7884.877958000288,7884.877958000288,6280.0,1.2555538149681988,101813,true,9010ba87-0a80-4355-ba34-1f74f394dae7,Guten%20Tag%2C%20ich%20freue%20mich%2C%20Sie%20bei%20unseren%20Sprachdiensten%20unterst%C3%BCtzen%20zu%20d%C3%BCrfen.%20W%C3%A4hlen%20Sie%20Ihre%20bevorzugte%20Stimme%20aus%20und%20lassen%20Sie%20uns%20gemeinsam%20Ihre%20Audio-Welt%20gestalten.,1,1,0,
25,0,0,https://cdn.hailuoai.video/moss/prod/2026-05-14-05/moss-audio/voice/u_2054676293873570458/demo/1778708587932629888-397944920203503_German.mp3,200,True,464.82962499794667,4677.153624998027,4677.153624998027,6280.0,0.74476968550924,101813,true,1c78c03a-6dc6-43b3-ad9f-de1083bb0258,Guten%20Tag%2C%20ich%20freue%20mich%2C%20Sie%20bei%20unseren%20Sprachdiensten%20unterst%C3%BCtzen%20zu%20d%C3%BCrfen.%20W%C3%A4hlen%20Sie%20Ihre%20bevorzugte%20Stimme%20aus%20und%20lassen%20Sie%20uns%20gemeinsam%20Ihre%20Audio-Welt%20gestalten.,1,1,0,
26,0,0,https://cdn.hailuoai.video/moss/prod/2026-05-14-05/moss-audio/voice/u_2054676293873570458/demo/1778708587932629888-397944920203503_German.mp3,200,True,464.7395419997338,4729.505167000752,4729.505167000752,6280.0,0.7531059183122217,101813,true,05e3b098-4cd2-45c1-b590-5100dd25e25c,Guten%20Tag%2C%20ich%20freue%20mich%2C%20Sie%20bei%20unseren%20Sprachdiensten%20unterst%C3%BCtzen%20zu%20d%C3%BCrfen.%20W%C3%A4hlen%20Sie%20Ihre%20bevorzugte%20Stimme%20aus%20und%20lassen%20Sie%20uns%20gemeinsam%20Ihre%20Audio-Welt%20gestalten.,1,1,0,
27,0,0,https://cdn.hailuoai.video/moss/prod/2026-05-14-05/moss-audio/voice/u_2054676293873570458/demo/1778708587932629888-397944920203503_German.mp3,200,True,464.61900000213063,4639.961791002861,4639.961791002861,6260.0,0.7412079538343228,101429,true,11c6fe6d-53e0-4dc2-8aad-3fd2466d54e5,Guten%20Tag%2C%20ich%20freue%20mich%2C%20Sie%20bei%20unseren%20Sprachdiensten%20unterst%C3%BCtzen%20zu%20d%C3%BCrfen.%20W%C3%A4hlen%20Sie%20Ihre%20bevorzugte%20Stimme%20aus%20und%20lassen%20Sie%20uns%20gemeinsam%20Ihre%20Audio-Welt%20gestalten.,1,1,0,
28,0,0,https://cdn.hailuoai.video/moss/prod/2026-05-14-05/moss-audio/voice/u_2054676293873570458/demo/1778708587932629888-397944920203503_German.mp3,200,True,482.7971249978873,8411.116874998697,8411.116874998697,6140.0,1.3698887418564654,99509,true,d923a0ea-4644-4e68-90d9-fcc7f4286254,Guten%20Tag%2C%20ich%20freue%20mich%2C%20Sie%20bei%20unseren%20Sprachdiensten%20unterst%C3%BCtzen%20zu%20d%C3%BCrfen.%20W%C3%A4hlen%20Sie%20Ihre%20bevorzugte%20Stimme%20aus%20und%20lassen%20Sie%20uns%20gemeinsam%20Ihre%20Audio-Welt%20gestalten.,1,1,0,
29,0,0,https://cdn.hailuoai.video/moss/prod/2026-05-14-05/moss-audio/voice/u_2054676293873570458/demo/1778708587932629888-397944920203503_German.mp3,200,True,467.73962500083144,8001.846332997957,8001.846332997957,6280.0,1.2741793523882097,101813,true,e37f2d92-2d52-43d0-ae8d-2e85e46c7a4e,Guten%20Tag%2C%20ich%20freue%20mich%2C%20Sie%20bei%20unseren%20Sprachdiensten%20unterst%C3%BCtzen%20zu%20d%C3%BCrfen.%20W%C3%A4hlen%20Sie%20Ihre%20bevorzugte%20Stimme%20aus%20und%20lassen%20Sie%20uns%20gemeinsam%20Ihre%20Audio-Welt%20gestalten.,1,1,0,
30,0,0,https://cdn.hailuoai.video/moss/prod/2026-05-14-05/moss-audio/voice/u_2054676293873570458/demo/1778708587932629888-397944920203503_German.mp3,200,True,487.62195900053484,11661.693583999295,11661.693583999295,6180.0,1.887005434304093,100277,true,e0173e71-e4e3-4403-9812-bd3f3d063b20,Guten%20Tag%2C%20ich%20freue%20mich%2C%20Sie%20bei%20unseren%20Sprachdiensten%20unterst%C3%BCtzen%20zu%20d%C3%BCrfen.%20W%C3%A4hlen%20Sie%20Ihre%20bevorzugte%20Stimme%20aus%20und%20lassen%20Sie%20uns%20gemeinsam%20Ihre%20Audio-Welt%20gestalten.,1,1,0,
31,0,0,https://cdn.hailuoai.video/moss/prod/2026-05-14-05/moss-audio/voice/u_2054676293873570458/demo/1778708587932629888-397944920203503_German.mp3,200,True,471.1012500010838,5356.751416999032,5356.751416999032,6280.0,0.8529858944265974,101813,true,8fc1a0e1-da3a-4f72-b443-9d82048abb2f,Guten%20Tag%2C%20ich%20freue%20mich%2C%20Sie%20bei%20unseren%20Sprachdiensten%20unterst%C3%BCtzen%20zu%20d%C3%BCrfen.%20W%C3%A4hlen%20Sie%20Ihre%20bevorzugte%20Stimme%20aus%20und%20lassen%20Sie%20uns%20gemeinsam%20Ihre%20Audio-Welt%20gestalten.,1,1,0,
32,0,0,https://cdn.hailuoai.video/moss/prod/2026-05-14-05/moss-audio/voice/u_2054676293873570458/demo/1778708587932629888-397944920203503_German.mp3,200,True,488.51179200210026,11510.771709003166,11510.771709003166,6220.0,1.8506063840841103,101045,true,a458bbd6-927f-45d7-8889-14629afdaf4e,Guten%20Tag%2C%20ich%20freue%20mich%2C%20Sie%20bei%20unseren%20Sprachdiensten%20unterst%C3%BCtzen%20zu%20d%C3%BCrfen.%20W%C3%A4hlen%20Sie%20Ihre%20bevorzugte%20Stimme%20aus%20und%20lassen%20Sie%20uns%20gemeinsam%20Ihre%20Audio-Welt%20gestalten.,1,1,0,
33,0,0,https://cdn.hailuoai.video/moss/prod/2026-05-14-05/moss-audio/voice/u_2054676293873570458/demo/1778708587932629888-397944920203503_German.mp3,200,True,466.21179199792095,4712.311041999783,4712.311041999783,6140.0,0.7674773684038735,99509,true,0ccda911-1dd5-44e8-bc25-5d01ca49c6c8,Guten%20Tag%2C%20ich%20freue%20mich%2C%20Sie%20bei%20unseren%20Sprachdiensten%20unterst%C3%BCtzen%20zu%20d%C3%BCrfen.%20W%C3%A4hlen%20Sie%20Ihre%20bevorzugte%20Stimme%20aus%20und%20lassen%20Sie%20uns%20gemeinsam%20Ihre%20Audio-Welt%20gestalten.,1,1,0,
34,0,0,https://cdn.hailuoai.video/moss/prod/2026-05-14-05/moss-audio/voice/u_2054676293873570458/demo/1778708587932629888-397944920203503_German.mp3,200,True,460.5252080000355,5300.630875000934,5300.630875000934,6280.0,0.8440495023886837,101813,true,e76172ed-3eea-425e-b5f2-e48be4641472,Guten%20Tag%2C%20ich%20freue%20mich%2C%20Sie%20bei%20unseren%20Sprachdiensten%20unterst%C3%BCtzen%20zu%20d%C3%BCrfen.%20W%C3%A4hlen%20Sie%20Ihre%20bevorzugte%20Stimme%20aus%20und%20lassen%20Sie%20uns%20gemeinsam%20Ihre%20Audio-Welt%20gestalten.,1,1,0,
35,0,0,https://cdn.hailuoai.video/moss/prod/2026-05-14-05/moss-audio/voice/u_2054676293873570458/demo/1778708587932629888-397944920203503_German.mp3,200,True,475.8874580002157,7898.616333000973,7898.616333000973,6280.0,1.257741454299518,101813,true,7e616a10-2ea6-4c8e-a32d-4f5698182fd5,Guten%20Tag%2C%20ich%20freue%20mich%2C%20Sie%20bei%20unseren%20Sprachdiensten%20unterst%C3%BCtzen%20zu%20d%C3%BCrfen.%20W%C3%A4hlen%20Sie%20Ihre%20bevorzugte%20Stimme%20aus%20und%20lassen%20Sie%20uns%20gemeinsam%20Ihre%20Audio-Welt%20gestalten.,1,1,0,
36,0,0,https://cdn.hailuoai.video/moss/prod/2026-05-14-05/moss-audio/voice/u_2054676293873570458/demo/1778708587932629888-397944920203503_German.mp3,200,True,472.95849999864004,7184.606792001432,7184.606792001432,6280.0,1.1440456675161517,101813,true,8a9c1612-9c31-4de1-ba67-08fd916d5557,Guten%20Tag%2C%20ich%20freue%20mich%2C%20Sie%20bei%20unseren%20Sprachdiensten%20unterst%C3%BCtzen%20zu%20d%C3%BCrfen.%20W%C3%A4hlen%20Sie%20Ihre%20bevorzugte%20Stimme%20aus%20und%20lassen%20Sie%20uns%20gemeinsam%20Ihre%20Audio-Welt%20gestalten.,1,1,0,
37,0,0,https://cdn.hailuoai.video/moss/prod/2026-05-14-05/moss-audio/voice/u_2054676293873570458/demo/1778708587932629888-397944920203503_German.mp3,200,True,466.07041700190166,4617.079999999987,4617.079999999987,6270.0,0.7363763955342882,101813,true,14eee788-9753-496c-b2e4-0015533e903d,Guten%20Tag%2C%20ich%20freue%20mich%2C%20Sie%20bei%20unseren%20Sprachdiensten%20unterst%C3%BCtzen%20zu%20d%C3%BCrfen.%20W%C3%A4hlen%20Sie%20Ihre%20bevorzugte%20Stimme%20aus%20und%20lassen%20Sie%20uns%20gemeinsam%20Ihre%20Audio-Welt%20gestalten.,1,1,0,
38,0,0,https://cdn.hailuoai.video/moss/prod/2026-05-14-05/moss-audio/voice/u_2054676293873570458/demo/1778708587932629888-397944920203503_German.mp3,200,True,485.32595800134004,11597.43412500029,11597.43412500029,6280.0,1.8467251791401738,101813,true,36b84cd0-351c-4dea-be5e-c55b53db33e5,Guten%20Tag%2C%20ich%20freue%20mich%2C%20Sie%20bei%20unseren%20Sprachdiensten%20unterst%C3%BCtzen%20zu%20d%C3%BCrfen.%20W%C3%A4hlen%20Sie%20Ihre%20bevorzugte%20Stimme%20aus%20und%20lassen%20Sie%20uns%20gemeinsam%20Ihre%20Audio-Welt%20gestalten.,1,1,0,
39,0,0,https://cdn.hailuoai.video/moss/prod/2026-05-14-05/moss-audio/voice/u_2054676293873570458/demo/1778708587932629888-397944920203503_German.mp3,200,True,475.83191599915153,7913.975540999672,7913.975540999672,6280.0,1.2601871880572726,101813,true,03e3196e-3dd0-4df8-8c1d-7057f6670043,Guten%20Tag%2C%20ich%20freue%20mich%2C%20Sie%20bei%20unseren%20Sprachdiensten%20unterst%C3%BCtzen%20zu%20d%C3%BCrfen.%20W%C3%A4hlen%20Sie%20Ihre%20bevorzugte%20Stimme%20aus%20und%20lassen%20Sie%20uns%20gemeinsam%20Ihre%20Audio-Welt%20gestalten.,1,1,0,
40,0,0,https://cdn.hailuoai.video/moss/prod/2026-05-14-05/moss-audio/voice/u_2054676293873570458/demo/1778708587932629888-397944920203503_German.mp3,200,True,478.7668329990993,6027.580665999267,6027.580665999267,6280.0,0.9598058385349151,101813,true,948f8af9-7e8a-47c1-adef-cdc132dfbb90,Guten%20Tag%2C%20ich%20freue%20mich%2C%20Sie%20bei%20unseren%20Sprachdiensten%20unterst%C3%BCtzen%20zu%20d%C3%BCrfen.%20W%C3%A4hlen%20Sie%20Ihre%20bevorzugte%20Stimme%20aus%20und%20lassen%20Sie%20uns%20gemeinsam%20Ihre%20Audio-Welt%20gestalten.,1,1,0,
41,0,0,https://cdn.hailuoai.video/moss/prod/2026-05-14-05/moss-audio/voice/u_2054676293873570458/demo/1778708587932629888-397944920203503_German.mp3,200,True,466.45020799769554,6250.365083000361,6250.365083000361,6280.0,0.995281064172032,101813,true,62b4b573-a6db-446c-9d8b-874d3bdef6ab,Guten%20Tag%2C%20ich%20freue%20mich%2C%20Sie%20bei%20unseren%20Sprachdiensten%20unterst%C3%BCtzen%20zu%20d%C3%BCrfen.%20W%C3%A4hlen%20Sie%20Ihre%20bevorzugte%20Stimme%20aus%20und%20lassen%20Sie%20uns%20gemeinsam%20Ihre%20Audio-Welt%20gestalten.,1,1,0,
42,0,0,https://cdn.hailuoai.video/moss/prod/2026-05-14-05/moss-audio/voice/u_2054676293873570458/demo/1778708587932629888-397944920203503_German.mp3,200,True,472.65625,6359.006250000675,6359.006250000675,6280.0,1.0125806130574324,101813,true,e2367b0f-bfc0-4e90-b760-83ada55c7c9d,Guten%20Tag%2C%20ich%20freue%20mich%2C%20Sie%20bei%20unseren%20Sprachdiensten%20unterst%C3%BCtzen%20zu%20d%C3%BCrfen.%20W%C3%A4hlen%20Sie%20Ihre%20bevorzugte%20Stimme%20aus%20und%20lassen%20Sie%20uns%20gemeinsam%20Ihre%20Audio-Welt%20gestalten.,1,1,0,
43,0,0,https://cdn.hailuoai.video/moss/prod/2026-05-14-05/moss-audio/voice/u_2054676293873570458/demo/1778708587932629888-397944920203503_German.mp3,200,True,464.45583300010185,6278.2771669990325,6278.2771669990325,6280.0,0.9997256635348778,101813,true,bda00a7b-6ba8-483c-b8dc-1c1d0ddc0285,Guten%20Tag%2C%20ich%20freue%20mich%2C%20Sie%20bei%20unseren%20Sprachdiensten%20unterst%C3%BCtzen%20zu%20d%C3%BCrfen.%20W%C3%A4hlen%20Sie%20Ihre%20bevorzugte%20Stimme%20aus%20und%20lassen%20Sie%20uns%20gemeinsam%20Ihre%20Audio-Welt%20gestalten.,1,1,0,
44,0,0,https://cdn.hailuoai.video/moss/prod/2026-05-14-05/moss-audio/voice/u_2054676293873570458/demo/1778708587932629888-397944920203503_German.mp3,200,True,474.7131250005623,6329.308874999697,6329.308874999697,6280.0,1.00785173168785,101813,true,f4eb162d-7a87-4552-9938-0f862c9d82ab,Guten%20Tag%2C%20ich%20freue%20mich%2C%20Sie%20bei%20unseren%20Sprachdiensten%20unterst%C3%BCtzen%20zu%20d%C3%BCrfen.%20W%C3%A4hlen%20Sie%20Ihre%20bevorzugte%20Stimme%20aus%20und%20lassen%20Sie%20uns%20gemeinsam%20Ihre%20Audio-Welt%20gestalten.,1,1,0,
45,0,0,https://cdn.hailuoai.video/moss/prod/2026-05-14-05/moss-audio/voice/u_2054676293873570458/demo/1778708587932629888-397944920203503_German.mp3,200,True,469.40983300009975,6343.7227079994045,6343.7227079994045,6270.0,1.0117580076554074,101813,true,c78876c7-c6ec-46ab-8f2b-5f0effcea8b7,Guten%20Tag%2C%20ich%20freue%20mich%2C%20Sie%20bei%20unseren%20Sprachdiensten%20unterst%C3%BCtzen%20zu%20d%C3%BCrfen.%20W%C3%A4hlen%20Sie%20Ihre%20bevorzugte%20Stimme%20aus%20und%20lassen%20Sie%20uns%20gemeinsam%20Ihre%20Audio-Welt%20gestalten.,1,1,0,
46,0,0,https://cdn.hailuoai.video/moss/prod/2026-05-14-05/moss-audio/voice/u_2054676293873570458/demo/1778708587932629888-397944920203503_German.mp3,200,True,468.0954579998797,6361.671792001289,6361.671792001289,6280.0,1.0130050624205873,101813,true,6e72496a-79e1-448e-add6-44047d0c473f,Guten%20Tag%2C%20ich%20freue%20mich%2C%20Sie%20bei%20unseren%20Sprachdiensten%20unterst%C3%BCtzen%20zu%20d%C3%BCrfen.%20W%C3%A4hlen%20Sie%20Ihre%20bevorzugte%20Stimme%20aus%20und%20lassen%20Sie%20uns%20gemeinsam%20Ihre%20Audio-Welt%20gestalten.,1,1,0,
47,0,0,https://cdn.hailuoai.video/moss/prod/2026-05-14-05/moss-audio/voice/u_2054676293873570458/demo/1778708587932629888-397944920203503_German.mp3,200,True,480.63995899792644,9112.93462499816,9112.93462499816,6280.0,1.4511042396493887,101813,true,beae36c9-44c9-4544-9066-84e21a44baba,Guten%20Tag%2C%20ich%20freue%20mich%2C%20Sie%20bei%20unseren%20Sprachdiensten%20unterst%C3%BCtzen%20zu%20d%C3%BCrfen.%20W%C3%A4hlen%20Sie%20Ihre%20bevorzugte%20Stimme%20aus%20und%20lassen%20Sie%20uns%20gemeinsam%20Ihre%20Audio-Welt%20gestalten.,1,1,0,
48,0,0,https://cdn.hailuoai.video/moss/prod/2026-05-14-05/moss-audio/voice/u_2054676293873570458/demo/1778708587932629888-397944920203503_German.mp3,200,True,492.0654579982511,8135.650124997483,8135.650124997483,6240.0,1.303790084134212,101045,true,50540a34-5d1d-48de-b084-9cfe79bc9b4b,Guten%20Tag%2C%20ich%20freue%20mich%2C%20Sie%20bei%20unseren%20Sprachdiensten%20unterst%C3%BCtzen%20zu%20d%C3%BCrfen.%20W%C3%A4hlen%20Sie%20Ihre%20bevorzugte%20Stimme%20aus%20und%20lassen%20Sie%20uns%20gemeinsam%20Ihre%20Audio-Welt%20gestalten.,1,1,0,
49,0,0,https://cdn.hailuoai.video/moss/prod/2026-05-14-05/moss-audio/voice/u_2054676293873570458/demo/1778708587932629888-397944920203503_German.mp3,200,True,460.795249997318,5306.916582998383,5306.916582998383,6280.0,0.845050411305475,101813,true,c9b4c0d8-aa67-4813-90fd-9ba98bc84be3,Guten%20Tag%2C%20ich%20freue%20mich%2C%20Sie%20bei%20unseren%20Sprachdiensten%20unterst%C3%BCtzen%20zu%20d%C3%BCrfen.%20W%C3%A4hlen%20Sie%20Ihre%20bevorzugte%20Stimme%20aus%20und%20lassen%20Sie%20uns%20gemeinsam%20Ihre%20Audio-Welt%20gestalten.,1,1,0,
50,0,0,https://cdn.hailuoai.video/moss/prod/2026-05-14-05/moss-audio/voice/u_2054676293873570458/demo/1778708587932629888-397944920203503_German.mp3,200,True,503.9126660012698,8130.613041001197,8130.613041001197,6280.0,1.2946836052549677,101813,true,339ba1d4-f38f-4400-af5f-711376f34d82,Guten%20Tag%2C%20ich%20freue%20mich%2C%20Sie%20bei%20unseren%20Sprachdiensten%20unterst%C3%BCtzen%20zu%20d%C3%BCrfen.%20W%C3%A4hlen%20Sie%20Ihre%20bevorzugte%20Stimme%20aus%20und%20lassen%20Sie%20uns%20gemeinsam%20Ihre%20Audio-Welt%20gestalten.,1,1,0,
51,0,0,https://cdn.hailuoai.video/moss/prod/2026-05-14-05/moss-audio/voice/u_2054676293873570458/demo/1778708587932629888-397944920203503_German.mp3,200,True,465.42912500081,9097.960582999804,9097.960582999804,6280.0,1.4487198380572937,101813,true,9bf2ccb5-94ac-4595-bc2d-8cf2c293cbd6,Guten%20Tag%2C%20ich%20freue%20mich%2C%20Sie%20bei%20unseren%20Sprachdiensten%20unterst%C3%BCtzen%20zu%20d%C3%BCrfen.%20W%C3%A4hlen%20Sie%20Ihre%20bevorzugte%20Stimme%20aus%20und%20lassen%20Sie%20uns%20gemeinsam%20Ihre%20Audio-Welt%20gestalten.,1,1,0,
52,0,0,https://cdn.hailuoai.video/moss/prod/2026-05-14-05/moss-audio/voice/u_2054676293873570458/demo/1778708587932629888-397944920203503_German.mp3,200,True,470.226334000472,9264.240374999645,9264.240374999645,6280.0,1.4751975119426186,101813,true,003b7737-ceac-4dc9-9154-9f236ee9f3e0,Guten%20Tag%2C%20ich%20freue%20mich%2C%20Sie%20bei%20unseren%20Sprachdiensten%20unterst%C3%BCtzen%20zu%20d%C3%BCrfen.%20W%C3%A4hlen%20Sie%20Ihre%20bevorzugte%20Stimme%20aus%20und%20lassen%20Sie%20uns%20gemeinsam%20Ihre%20Audio-Welt%20gestalten.,1,1,0,
53,0,0,https://cdn.hailuoai.video/moss/prod/2026-05-14-05/moss-audio/voice/u_2054676293873570458/demo/1778708587932629888-397944920203503_German.mp3,200,True,463.54358400276396,8742.413416999625,8742.413416999625,6260.0,1.396551664057448,101429,true,24840a4d-7836-4bc7-ab88-3e96bbaf0322,Guten%20Tag%2C%20ich%20freue%20mich%2C%20Sie%20bei%20unseren%20Sprachdiensten%20unterst%C3%BCtzen%20zu%20d%C3%BCrfen.%20W%C3%A4hlen%20Sie%20Ihre%20bevorzugte%20Stimme%20aus%20und%20lassen%20Sie%20uns%20gemeinsam%20Ihre%20Audio-Welt%20gestalten.,1,1,0,
54,0,0,https://cdn.hailuoai.video/moss/prod/2026-05-14-05/moss-audio/voice/u_2054676293873570458/demo/1778708587932629888-397944920203503_German.mp3,200,True,253.90424999932293,7431.611832998897,7431.611832998897,6270.0,1.1852650451353903,101813,true,be87bf13-2fd4-4f94-9d5b-402ade2f1805,Guten%20Tag%2C%20ich%20freue%20mich%2C%20Sie%20bei%20unseren%20Sprachdiensten%20unterst%C3%BCtzen%20zu%20d%C3%BCrfen.%20W%C3%A4hlen%20Sie%20Ihre%20bevorzugte%20Stimme%20aus%20und%20lassen%20Sie%20uns%20gemeinsam%20Ihre%20Audio-Welt%20gestalten.,1,1,0,
55,0,0,https://cdn.hailuoai.video/moss/prod/2026-05-14-05/moss-audio/voice/u_2054676293873570458/demo/1778708587932629888-397944920203503_German.mp3,200,True,239.36324999885983,8176.575500001491,8176.575500001491,6280.0,1.3020024681531035,101813,true,83077ab0-3bac-469e-ae62-c3937864ba57,Guten%20Tag%2C%20ich%20freue%20mich%2C%20Sie%20bei%20unseren%20Sprachdiensten%20unterst%C3%BCtzen%20zu%20d%C3%BCrfen.%20W%C3%A4hlen%20Sie%20Ihre%20bevorzugte%20Stimme%20aus%20und%20lassen%20Sie%20uns%20gemeinsam%20Ihre%20Audio-Welt%20gestalten.,1,1,0,
56,0,0,https://cdn.hailuoai.video/moss/prod/2026-05-14-05/moss-audio/voice/u_2054676293873570458/demo/1778708587932629888-397944920203503_German.mp3,200,True,490.39929199716426,7277.632499997708,7277.632499997708,6280.0,1.1588586783435841,101813,true,3e8dc852-f568-4373-ae35-aa48d478a372,Guten%20Tag%2C%20ich%20freue%20mich%2C%20Sie%20bei%20unseren%20Sprachdiensten%20unterst%C3%BCtzen%20zu%20d%C3%BCrfen.%20W%C3%A4hlen%20Sie%20Ihre%20bevorzugte%20Stimme%20aus%20und%20lassen%20Sie%20uns%20gemeinsam%20Ihre%20Audio-Welt%20gestalten.,1,1,0,
57,0,0,https://cdn.hailuoai.video/moss/prod/2026-05-14-05/moss-audio/voice/u_2054676293873570458/demo/1778708587932629888-397944920203503_German.mp3,200,True,464.8587499978021,7509.181166999042,7509.181166999042,6260.0,1.1995497071883454,101429,true,be5447f2-9e1c-4769-bc01-ac6825c0e76f,Guten%20Tag%2C%20ich%20freue%20mich%2C%20Sie%20bei%20unseren%20Sprachdiensten%20unterst%C3%BCtzen%20zu%20d%C3%BCrfen.%20W%C3%A4hlen%20Sie%20Ihre%20bevorzugte%20Stimme%20aus%20und%20lassen%20Sie%20uns%20gemeinsam%20Ihre%20Audio-Welt%20gestalten.,1,1,0,
58,0,0,https://cdn.hailuoai.video/moss/prod/2026-05-14-05/moss-audio/voice/u_2054676293873570458/demo/1778708587932629888-397944920203503_German.mp3,200,True,472.0600419968832,5659.353999999439,5659.353999999439,6280.0,0.901171019108191,101813,true,21dd776e-6367-4fc8-b953-b20c911a75a4,Guten%20Tag%2C%20ich%20freue%20mich%2C%20Sie%20bei%20unseren%20Sprachdiensten%20unterst%C3%BCtzen%20zu%20d%C3%BCrfen.%20W%C3%A4hlen%20Sie%20Ihre%20bevorzugte%20Stimme%20aus%20und%20lassen%20Sie%20uns%20gemeinsam%20Ihre%20Audio-Welt%20gestalten.,1,1,0,
59,0,0,https://cdn.hailuoai.video/moss/prod/2026-05-14-05/moss-audio/voice/u_2054676293873570458/demo/1778708587932629888-397944920203503_German.mp3,200,True,463.1240839989914,9263.355625000258,9263.355625000258,6280.0,1.4750566281847546,101813,true,e94328b6-14cb-4750-9896-00cea63ac61e,Guten%20Tag%2C%20ich%20freue%20mich%2C%20Sie%20bei%20unseren%20Sprachdiensten%20unterst%C3%BCtzen%20zu%20d%C3%BCrfen.%20W%C3%A4hlen%20Sie%20Ihre%20bevorzugte%20Stimme%20aus%20und%20lassen%20Sie%20uns%20gemeinsam%20Ihre%20Audio-Welt%20gestalten.,1,1,0,
60,0,0,https://cdn.hailuoai.video/moss/prod/2026-05-14-05/moss-audio/voice/u_2054676293873570458/demo/1778708587932629888-397944920203503_German.mp3,200,True,480.96308399908594,9065.036208998208,9065.036208998208,6280.0,1.4434771033436637,101813,true,51784d4e-0087-4165-95aa-0a076efc039d,Guten%20Tag%2C%20ich%20freue%20mich%2C%20Sie%20bei%20unseren%20Sprachdiensten%20unterst%C3%BCtzen%20zu%20d%C3%BCrfen.%20W%C3%A4hlen%20Sie%20Ihre%20bevorzugte%20Stimme%20aus%20und%20lassen%20Sie%20uns%20gemeinsam%20Ihre%20Audio-Welt%20gestalten.,1,1,0,
61,0,0,https://cdn.hailuoai.video/moss/prod/2026-05-14-05/moss-audio/voice/u_2054676293873570458/demo/1778708587932629888-397944920203503_German.mp3,200,True,462.2498329990776,6550.457957997423,6550.457957997423,6280.0,1.0430665538212458,101813,true,7ef7825b-c373-4cd3-895e-3800b2200732,Guten%20Tag%2C%20ich%20freue%20mich%2C%20Sie%20bei%20unseren%20Sprachdiensten%20unterst%C3%BCtzen%20zu%20d%C3%BCrfen.%20W%C3%A4hlen%20Sie%20Ihre%20bevorzugte%20Stimme%20aus%20und%20lassen%20Sie%20uns%20gemeinsam%20Ihre%20Audio-Welt%20gestalten.,1,1,0,
62,0,0,https://cdn.hailuoai.video/moss/prod/2026-05-14-05/moss-audio/voice/u_2054676293873570458/demo/1778708587932629888-397944920203503_German.mp3,200,True,478.15962499953457,9284.65979199973,9284.65979199973,6260.0,1.483172490734781,101429,true,774cc977-bb93-4b45-98a2-48f0a8899aad,Guten%20Tag%2C%20ich%20freue%20mich%2C%20Sie%20bei%20unseren%20Sprachdiensten%20unterst%C3%BCtzen%20zu%20d%C3%BCrfen.%20W%C3%A4hlen%20Sie%20Ihre%20bevorzugte%20Stimme%20aus%20und%20lassen%20Sie%20uns%20gemeinsam%20Ihre%20Audio-Welt%20gestalten.,1,1,0,
63,0,0,https://cdn.hailuoai.video/moss/prod/2026-05-14-05/moss-audio/voice/u_2054676293873570458/demo/1778708587932629888-397944920203503_German.mp3,200,True,235.22404200048186,5169.828124999185,5169.828124999185,6280.0,0.8232210390126091,101813,true,7e1ce6b3-987d-4d7c-9cd0-615375b8663d,Guten%20Tag%2C%20ich%20freue%20mich%2C%20Sie%20bei%20unseren%20Sprachdiensten%20unterst%C3%BCtzen%20zu%20d%C3%BCrfen.%20W%C3%A4hlen%20Sie%20Ihre%20bevorzugte%20Stimme%20aus%20und%20lassen%20Sie%20uns%20gemeinsam%20Ihre%20Audio-Welt%20gestalten.,1,1,0,
64,0,0,https://cdn.hailuoai.video/moss/prod/2026-05-14-05/moss-audio/voice/u_2054676293873570458/demo/1778708587932629888-397944920203503_German.mp3,200,True,239.44645899973693,5141.91645900064,5141.91645900064,6240.0,0.824025073557795,101045,true,ea04a0e3-533a-4432-8cc7-370bddb29bb8,Guten%20Tag%2C%20ich%20freue%20mich%2C%20Sie%20bei%20unseren%20Sprachdiensten%20unterst%C3%BCtzen%20zu%20d%C3%BCrfen.%20W%C3%A4hlen%20Sie%20Ihre%20bevorzugte%20Stimme%20aus%20und%20lassen%20Sie%20uns%20gemeinsam%20Ihre%20Audio-Welt%20gestalten.,1,1,0,
65,0,0,https://cdn.hailuoai.video/moss/prod/2026-05-14-05/moss-audio/voice/u_2054676293873570458/demo/1778708587932629888-397944920203503_German.mp3,200,True,235.07850000169128,5186.664750002819,5186.664750002819,6280.0,0.825902030255226,101813,true,4b102933-1518-4e37-8558-b7fe862ed9ee,Guten%20Tag%2C%20ich%20freue%20mich%2C%20Sie%20bei%20unseren%20Sprachdiensten%20unterst%C3%BCtzen%20zu%20d%C3%BCrfen.%20W%C3%A4hlen%20Sie%20Ihre%20bevorzugte%20Stimme%20aus%20und%20lassen%20Sie%20uns%20gemeinsam%20Ihre%20Audio-Welt%20gestalten.,1,1,0,
66,0,0,https://cdn.hailuoai.video/moss/prod/2026-05-14-05/moss-audio/voice/u_2054676293873570458/demo/1778708587932629888-397944920203503_German.mp3,200,True,234.80608300087624,5201.974542000244,5201.974542000244,6280.0,0.8283398952229687,101813,true,ad78214c-bc32-45be-975f-572fbd5584be,Guten%20Tag%2C%20ich%20freue%20mich%2C%20Sie%20bei%20unseren%20Sprachdiensten%20unterst%C3%BCtzen%20zu%20d%C3%BCrfen.%20W%C3%A4hlen%20Sie%20Ihre%20bevorzugte%20Stimme%20aus%20und%20lassen%20Sie%20uns%20gemeinsam%20Ihre%20Audio-Welt%20gestalten.,1,1,0,
67,0,0,https://cdn.hailuoai.video/moss/prod/2026-05-14-05/moss-audio/voice/u_2054676293873570458/demo/1778708587932629888-397944920203503_German.mp3,200,True,454.6167080006853,9150.999583001976,9150.999583001976,6280.0,1.457165538694582,101813,true,680b9d4e-8e13-4ca7-8d63-3c0371b3026f,Guten%20Tag%2C%20ich%20freue%20mich%2C%20Sie%20bei%20unseren%20Sprachdiensten%20unterst%C3%BCtzen%20zu%20d%C3%BCrfen.%20W%C3%A4hlen%20Sie%20Ihre%20bevorzugte%20Stimme%20aus%20und%20lassen%20Sie%20uns%20gemeinsam%20Ihre%20Audio-Welt%20gestalten.,1,1,0,
68,0,0,https://cdn.hailuoai.video/moss/prod/2026-05-14-05/moss-audio/voice/u_2054676293873570458/demo/1778708587932629888-397944920203503_German.mp3,200,True,464.3207090011856,9077.779459003068,9077.779459003068,6280.0,1.4455062832807433,101813,true,7338f453-2481-4eb0-9147-03e7f505fe42,Guten%20Tag%2C%20ich%20freue%20mich%2C%20Sie%20bei%20unseren%20Sprachdiensten%20unterst%C3%BCtzen%20zu%20d%C3%BCrfen.%20W%C3%A4hlen%20Sie%20Ihre%20bevorzugte%20Stimme%20aus%20und%20lassen%20Sie%20uns%20gemeinsam%20Ihre%20Audio-Welt%20gestalten.,1,1,0,
69,0,0,https://cdn.hailuoai.video/moss/prod/2026-05-14-05/moss-audio/voice/u_2054676293873570458/demo/1778708587932629888-397944920203503_German.mp3,200,True,463.8948749998235,9042.829125002754,9042.829125002754,6250.0,1.4468526600004408,101429,true,88a06e49-3024-4658-b291-d199e2587c4f,Guten%20Tag%2C%20ich%20freue%20mich%2C%20Sie%20bei%20unseren%20Sprachdiensten%20unterst%C3%BCtzen%20zu%20d%C3%BCrfen.%20W%C3%A4hlen%20Sie%20Ihre%20bevorzugte%20Stimme%20aus%20und%20lassen%20Sie%20uns%20gemeinsam%20Ihre%20Audio-Welt%20gestalten.,1,1,0,
70,0,0,https://cdn.hailuoai.video/moss/prod/2026-05-14-05/moss-audio/voice/u_2054676293873570458/demo/1778708587932629888-397944920203503_German.mp3,200,True,230.26724999726866,8697.495500000514,8697.495500000514,6280.0,1.3849515127389354,101813,true,d771a0c2-b734-41aa-ac57-c6f0a8219a80,Guten%20Tag%2C%20ich%20freue%20mich%2C%20Sie%20bei%20unseren%20Sprachdiensten%20unterst%C3%BCtzen%20zu%20d%C3%BCrfen.%20W%C3%A4hlen%20Sie%20Ihre%20bevorzugte%20Stimme%20aus%20und%20lassen%20Sie%20uns%20gemeinsam%20Ihre%20Audio-Welt%20gestalten.,1,1,0,
71,0,0,https://cdn.hailuoai.video/moss/prod/2026-05-14-05/moss-audio/voice/u_2054676293873570458/demo/1778708587932629888-397944920203503_German.mp3,200,True,232.2026250003546,7992.454208000709,7992.454208000709,6280.0,1.2726837910829154,101813,true,fce81fa2-e3ea-4b73-ad39-993bc48fcef9,Guten%20Tag%2C%20ich%20freue%20mich%2C%20Sie%20bei%20unseren%20Sprachdiensten%20unterst%C3%BCtzen%20zu%20d%C3%BCrfen.%20W%C3%A4hlen%20Sie%20Ihre%20bevorzugte%20Stimme%20aus%20und%20lassen%20Sie%20uns%20gemeinsam%20Ihre%20Audio-Welt%20gestalten.,1,1,0,
72,0,0,https://cdn.hailuoai.video/moss/prod/2026-05-14-05/moss-audio/voice/u_2054676293873570458/demo/1778708587932629888-397944920203503_German.mp3,200,True,475.9170420002192,6410.834916998283,6410.834916998283,6280.0,1.0208335855092807,101813,true,f58dbfc9-9038-41bc-96f5-c75604fa7873,Guten%20Tag%2C%20ich%20freue%20mich%2C%20Sie%20bei%20unseren%20Sprachdiensten%20unterst%C3%BCtzen%20zu%20d%C3%BCrfen.%20W%C3%A4hlen%20Sie%20Ihre%20bevorzugte%20Stimme%20aus%20und%20lassen%20Sie%20uns%20gemeinsam%20Ihre%20Audio-Welt%20gestalten.,1,1,0,
73,0,0,https://cdn.hailuoai.video/moss/prod/2026-05-14-05/moss-audio/voice/u_2054676293873570458/demo/1778708587932629888-397944920203503_German.mp3,200,True,471.648083999753,6331.089041999803,6331.089041999803,6280.0,1.0081351977706694,101813,true,56be6a14-db84-4a28-bebb-d748970093b3,Guten%20Tag%2C%20ich%20freue%20mich%2C%20Sie%20bei%20unseren%20Sprachdiensten%20unterst%C3%BCtzen%20zu%20d%C3%BCrfen.%20W%C3%A4hlen%20Sie%20Ihre%20bevorzugte%20Stimme%20aus%20und%20lassen%20Sie%20uns%20gemeinsam%20Ihre%20Audio-Welt%20gestalten.,1,1,0,
74,0,0,https://cdn.hailuoai.video/moss/prod/2026-05-14-05/moss-audio/voice/u_2054676293873570458/demo/1778708587932629888-397944920203503_German.mp3,200,True,470.4710839978361,6354.55433399693,6354.55433399693,6280.0,1.0118717092351799,101813,true,51cf4c10-755c-4a0a-9aa8-b3ab6ce93828,Guten%20Tag%2C%20ich%20freue%20mich%2C%20Sie%20bei%20unseren%20Sprachdiensten%20unterst%C3%BCtzen%20zu%20d%C3%BCrfen.%20W%C3%A4hlen%20Sie%20Ihre%20bevorzugte%20Stimme%20aus%20und%20lassen%20Sie%20uns%20gemeinsam%20Ihre%20Audio-Welt%20gestalten.,1,1,0,
75,0,0,https://cdn.hailuoai.video/moss/prod/2026-05-14-05/moss-audio/voice/u_2054676293873570458/demo/1778708587932629888-397944920203503_German.mp3,200,True,462.46920799967484,6280.444791998889,6280.444791998889,6280.0,1.0000708267514153,101813,true,fdf83610-7837-4a7c-b780-2bde54f473ce,Guten%20Tag%2C%20ich%20freue%20mich%2C%20Sie%20bei%20unseren%20Sprachdiensten%20unterst%C3%BCtzen%20zu%20d%C3%BCrfen.%20W%C3%A4hlen%20Sie%20Ihre%20bevorzugte%20Stimme%20aus%20und%20lassen%20Sie%20uns%20gemeinsam%20Ihre%20Audio-Welt%20gestalten.,1,1,0,
76,0,0,https://cdn.hailuoai.video/moss/prod/2026-05-14-05/moss-audio/voice/u_2054676293873570458/demo/1778708587932629888-397944920203503_German.mp3,200,True,457.04262499930337,6757.904291000159,6757.904291000159,6280.0,1.0760994093949299,101813,true,a532878b-73ff-4638-aaa9-00374172f2ff,Guten%20Tag%2C%20ich%20freue%20mich%2C%20Sie%20bei%20unseren%20Sprachdiensten%20unterst%C3%BCtzen%20zu%20d%C3%BCrfen.%20W%C3%A4hlen%20Sie%20Ihre%20bevorzugte%20Stimme%20aus%20und%20lassen%20Sie%20uns%20gemeinsam%20Ihre%20Audio-Welt%20gestalten.,1,1,0,
77,0,0,https://cdn.hailuoai.video/moss/prod/2026-05-14-05/moss-audio/voice/u_2054676293873570458/demo/1778708587932629888-397944920203503_German.mp3,200,True,460.04979200006346,6829.085124998528,6829.085124998528,6240.0,1.0944046674677128,101045,true,c026b205-c7ac-46ee-8667-b15119891c61,Guten%20Tag%2C%20ich%20freue%20mich%2C%20Sie%20bei%20unseren%20Sprachdiensten%20unterst%C3%BCtzen%20zu%20d%C3%BCrfen.%20W%C3%A4hlen%20Sie%20Ihre%20bevorzugte%20Stimme%20aus%20und%20lassen%20Sie%20uns%20gemeinsam%20Ihre%20Audio-Welt%20gestalten.,1,1,0,
78,0,0,https://cdn.hailuoai.video/moss/prod/2026-05-14-05/moss-audio/voice/u_2054676293873570458/demo/1778708587932629888-397944920203503_German.mp3,200,True,470.266416999948,6354.834292000305,6354.834292000305,6220.0,1.0216775389068016,101045,true,e6ea7444-665b-4682-b48f-87e16bf39054,Guten%20Tag%2C%20ich%20freue%20mich%2C%20Sie%20bei%20unseren%20Sprachdiensten%20unterst%C3%BCtzen%20zu%20d%C3%BCrfen.%20W%C3%A4hlen%20Sie%20Ihre%20bevorzugte%20Stimme%20aus%20und%20lassen%20Sie%20uns%20gemeinsam%20Ihre%20Audio-Welt%20gestalten.,1,1,0,
79,0,0,https://cdn.hailuoai.video/moss/prod/2026-05-14-05/moss-audio/voice/u_2054676293873570458/demo/1778708587932629888-397944920203503_German.mp3,200,True,474.9784579980769,6399.18758299973,6399.18758299973,6280.0,1.018978914490403,101813,true,4bd59ea0-82e3-483a-9fc4-767cb2fd5dbe,Guten%20Tag%2C%20ich%20freue%20mich%2C%20Sie%20bei%20unseren%20Sprachdiensten%20unterst%C3%BCtzen%20zu%20d%C3%BCrfen.%20W%C3%A4hlen%20Sie%20Ihre%20bevorzugte%20Stimme%20aus%20und%20lassen%20Sie%20uns%20gemeinsam%20Ihre%20Audio-Welt%20gestalten.,1,1,0,
80,0,0,https://cdn.hailuoai.video/moss/prod/2026-05-14-05/moss-audio/voice/u_2054676293873570458/demo/1778708587932629888-397944920203503_German.mp3,200,True,487.10433399901376,8670.091833999322,8670.091833999322,6280.0,1.380587871655943,101813,true,b4a11d51-b70a-4005-847e-9fef77122a6f,Guten%20Tag%2C%20ich%20freue%20mich%2C%20Sie%20bei%20unseren%20Sprachdiensten%20unterst%C3%BCtzen%20zu%20d%C3%BCrfen.%20W%C3%A4hlen%20Sie%20Ihre%20bevorzugte%20Stimme%20aus%20und%20lassen%20Sie%20uns%20gemeinsam%20Ihre%20Audio-Welt%20gestalten.,1,1,0,
81,0,0,https://cdn.hailuoai.video/moss/prod/2026-05-14-05/moss-audio/voice/u_2054676293873570458/demo/1778708587932629888-397944920203503_German.mp3,200,True,229.29370799829485,8522.434624999732,8522.434624999732,6280.0,1.3570755772292569,101813,true,3f3455a0-7c48-407a-a406-d16242818e74,Guten%20Tag%2C%20ich%20freue%20mich%2C%20Sie%20bei%20unseren%20Sprachdiensten%20unterst%C3%BCtzen%20zu%20d%C3%BCrfen.%20W%C3%A4hlen%20Sie%20Ihre%20bevorzugte%20Stimme%20aus%20und%20lassen%20Sie%20uns%20gemeinsam%20Ihre%20Audio-Welt%20gestalten.,1,1,0,
82,0,0,https://cdn.hailuoai.video/moss/prod/2026-05-14-05/moss-audio/voice/u_2054676293873570458/demo/1778708587932629888-397944920203503_German.mp3,200,True,235.0386250000156,8098.382000000129,8098.382000000129,6280.0,1.2895512738853707,101813,true,b342e639-eb56-4829-b858-62167229dae8,Guten%20Tag%2C%20ich%20freue%20mich%2C%20Sie%20bei%20unseren%20Sprachdiensten%20unterst%C3%BCtzen%20zu%20d%C3%BCrfen.%20W%C3%A4hlen%20Sie%20Ihre%20bevorzugte%20Stimme%20aus%20und%20lassen%20Sie%20uns%20gemeinsam%20Ihre%20Audio-Welt%20gestalten.,1,1,0,
83,0,0,https://cdn.hailuoai.video/moss/prod/2026-05-14-05/moss-audio/voice/u_2054676293873570458/demo/1778708587932629888-397944920203503_German.mp3,200,True,280.9174579997489,8028.13904100185,8028.13904100185,6280.0,1.2783660893315048,101813,true,4ee2d486-486e-4ac3-84a7-5b3fe04a2bc5,Guten%20Tag%2C%20ich%20freue%20mich%2C%20Sie%20bei%20unseren%20Sprachdiensten%20unterst%C3%BCtzen%20zu%20d%C3%BCrfen.%20W%C3%A4hlen%20Sie%20Ihre%20bevorzugte%20Stimme%20aus%20und%20lassen%20Sie%20uns%20gemeinsam%20Ihre%20Audio-Welt%20gestalten.,1,1,0,
84,0,0,https://cdn.hailuoai.video/moss/prod/2026-05-14-05/moss-audio/voice/u_2054676293873570458/demo/1778708587932629888-397944920203503_German.mp3,200,True,281.21808400101145,9315.228874998866,9315.228874998866,6260.0,1.4880557308304898,101429,true,dd065fd3-6eef-4343-862b-dc0975d55060,Guten%20Tag%2C%20ich%20freue%20mich%2C%20Sie%20bei%20unseren%20Sprachdiensten%20unterst%C3%BCtzen%20zu%20d%C3%BCrfen.%20W%C3%A4hlen%20Sie%20Ihre%20bevorzugte%20Stimme%20aus%20und%20lassen%20Sie%20uns%20gemeinsam%20Ihre%20Audio-Welt%20gestalten.,1,1,0,
85,0,0,https://cdn.hailuoai.video/moss/prod/2026-05-14-05/moss-audio/voice/u_2054676293873570458/demo/1778708587932629888-397944920203503_German.mp3,200,True,240.50350000106846,8913.964833001955,8913.964833001955,6280.0,1.4194211517519038,101813,true,70ad61d7-1b76-4faf-b50c-a952ff1365e0,Guten%20Tag%2C%20ich%20freue%20mich%2C%20Sie%20bei%20unseren%20Sprachdiensten%20unterst%C3%BCtzen%20zu%20d%C3%BCrfen.%20W%C3%A4hlen%20Sie%20Ihre%20bevorzugte%20Stimme%20aus%20und%20lassen%20Sie%20uns%20gemeinsam%20Ihre%20Audio-Welt%20gestalten.,1,1,0,
86,0,0,https://cdn.hailuoai.video/moss/prod/2026-05-14-05/moss-audio/voice/u_2054676293873570458/demo/1778708587932629888-397944920203503_German.mp3,200,True,239.2652500020631,9290.648959002283,9290.648959002283,6280.0,1.4794027004780705,101813,true,e8cc6061-f8dc-44c1-8d78-38db883e6d1c,Guten%20Tag%2C%20ich%20freue%20mich%2C%20Sie%20bei%20unseren%20Sprachdiensten%20unterst%C3%BCtzen%20zu%20d%C3%BCrfen.%20W%C3%A4hlen%20Sie%20Ihre%20bevorzugte%20Stimme%20aus%20und%20lassen%20Sie%20uns%20gemeinsam%20Ihre%20Audio-Welt%20gestalten.,1,1,0,
87,0,0,https://cdn.hailuoai.video/moss/prod/2026-05-14-05/moss-audio/voice/u_2054676293873570458/demo/1778708587932629888-397944920203503_German.mp3,200,True,239.977249999356,8083.476541996788,8083.476541996788,6280.0,1.2871777933115904,101813,true,5d41a1df-2584-4ff1-9bd3-10ac356b7664,Guten%20Tag%2C%20ich%20freue%20mich%2C%20Sie%20bei%20unseren%20Sprachdiensten%20unterst%C3%BCtzen%20zu%20d%C3%BCrfen.%20W%C3%A4hlen%20Sie%20Ihre%20bevorzugte%20Stimme%20aus%20und%20lassen%20Sie%20uns%20gemeinsam%20Ihre%20Audio-Welt%20gestalten.,1,1,0,
88,0,0,https://cdn.hailuoai.video/moss/prod/2026-05-14-05/moss-audio/voice/u_2054676293873570458/demo/1778708587932629888-397944920203503_German.mp3,200,True,342.1717079982045,7412.677166998037,7412.677166998037,6250.0,1.186028346719686,101429,true,55071828-b6ae-45a6-8082-2394bc4f3c8e,Guten%20Tag%2C%20ich%20freue%20mich%2C%20Sie%20bei%20unseren%20Sprachdiensten%20unterst%C3%BCtzen%20zu%20d%C3%BCrfen.%20W%C3%A4hlen%20Sie%20Ihre%20bevorzugte%20Stimme%20aus%20und%20lassen%20Sie%20uns%20gemeinsam%20Ihre%20Audio-Welt%20gestalten.,1,1,0,
89,0,0,https://cdn.hailuoai.video/moss/prod/2026-05-14-05/moss-audio/voice/u_2054676293873570458/demo/1778708587932629888-397944920203503_German.mp3,200,True,325.8797910020803,6564.232166001602,6564.232166001602,6220.0,1.0553427919616725,101045,true,58895ea5-68ad-4deb-94aa-3ff2fd306a23,Guten%20Tag%2C%20ich%20freue%20mich%2C%20Sie%20bei%20unseren%20Sprachdiensten%20unterst%C3%BCtzen%20zu%20d%C3%BCrfen.%20W%C3%A4hlen%20Sie%20Ihre%20bevorzugte%20Stimme%20aus%20und%20lassen%20Sie%20uns%20gemeinsam%20Ihre%20Audio-Welt%20gestalten.,1,1,0,
90,0,0,https://cdn.hailuoai.video/moss/prod/2026-05-14-05/moss-audio/voice/u_2054676293873570458/demo/1778708587932629888-397944920203503_German.mp3,200,True,269.9591659984435,7274.973583000246,7274.973583000246,6280.0,1.1584352839172367,101813,true,3e1d0509-2256-4891-8327-9cf37bfb966a,Guten%20Tag%2C%20ich%20freue%20mich%2C%20Sie%20bei%20unseren%20Sprachdiensten%20unterst%C3%BCtzen%20zu%20d%C3%BCrfen.%20W%C3%A4hlen%20Sie%20Ihre%20bevorzugte%20Stimme%20aus%20und%20lassen%20Sie%20uns%20gemeinsam%20Ihre%20Audio-Welt%20gestalten.,1,1,0,
91,0,0,https://cdn.hailuoai.video/moss/prod/2026-05-14-05/moss-audio/voice/u_2054676293873570458/demo/1778708587932629888-397944920203503_German.mp3,200,True,547.4185839993879,6492.728958997759,6492.728958997759,6180.0,1.0506033914235855,100277,true,824cdaad-e60c-49f4-909a-fb2130926209,Guten%20Tag%2C%20ich%20freue%20mich%2C%20Sie%20bei%20unseren%20Sprachdiensten%20unterst%C3%BCtzen%20zu%20d%C3%BCrfen.%20W%C3%A4hlen%20Sie%20Ihre%20bevorzugte%20Stimme%20aus%20und%20lassen%20Sie%20uns%20gemeinsam%20Ihre%20Audio-Welt%20gestalten.,1,1,0,
92,0,0,https://cdn.hailuoai.video/moss/prod/2026-05-14-05/moss-audio/voice/u_2054676293873570458/demo/1778708587932629888-397944920203503_German.mp3,200,True,269.54687499892316,7486.335792000318,7486.335792000318,6280.0,1.1920916866242546,101813,true,51e4fda5-66c1-4915-aa1f-a333d979d83d,Guten%20Tag%2C%20ich%20freue%20mich%2C%20Sie%20bei%20unseren%20Sprachdiensten%20unterst%C3%BCtzen%20zu%20d%C3%BCrfen.%20W%C3%A4hlen%20Sie%20Ihre%20bevorzugte%20Stimme%20aus%20und%20lassen%20Sie%20uns%20gemeinsam%20Ihre%20Audio-Welt%20gestalten.,1,1,0,
93,0,0,https://cdn.hailuoai.video/moss/prod/2026-05-14-05/moss-audio/voice/u_2054676293873570458/demo/1778708587932629888-397944920203503_German.mp3,200,True,464.5651659993746,9566.12345800022,9566.12345800022,6280.0,1.5232680665605447,101813,true,b65d9007-50f8-4fb3-b60e-d90be60a98a9,Guten%20Tag%2C%20ich%20freue%20mich%2C%20Sie%20bei%20unseren%20Sprachdiensten%20unterst%C3%BCtzen%20zu%20d%C3%BCrfen.%20W%C3%A4hlen%20Sie%20Ihre%20bevorzugte%20Stimme%20aus%20und%20lassen%20Sie%20uns%20gemeinsam%20Ihre%20Audio-Welt%20gestalten.,1,1,0,
94,0,0,https://cdn.hailuoai.video/moss/prod/2026-05-14-05/moss-audio/voice/u_2054676293873570458/demo/1778708587932629888-397944920203503_German.mp3,200,True,461.19304099920555,6170.495750000555,6170.495750000555,6130.0,1.0066061582382635,99509,true,9f29ff73-8738-4ee1-8020-e1b7f76477ad,Guten%20Tag%2C%20ich%20freue%20mich%2C%20Sie%20bei%20unseren%20Sprachdiensten%20unterst%C3%BCtzen%20zu%20d%C3%BCrfen.%20W%C3%A4hlen%20Sie%20Ihre%20bevorzugte%20Stimme%20aus%20und%20lassen%20Sie%20uns%20gemeinsam%20Ihre%20Audio-Welt%20gestalten.,1,1,0,
95,0,0,https://cdn.hailuoai.video/moss/prod/2026-05-14-05/moss-audio/voice/u_2054676293873570458/demo/1778708587932629888-397944920203503_German.mp3,200,True,479.2544589981844,9473.715916999936,9473.715916999936,6280.0,1.5085534899681428,101813,true,97d56ea0-ee79-4836-b80c-e4f1ad93ed1f,Guten%20Tag%2C%20ich%20freue%20mich%2C%20Sie%20bei%20unseren%20Sprachdiensten%20unterst%C3%BCtzen%20zu%20d%C3%BCrfen.%20W%C3%A4hlen%20Sie%20Ihre%20bevorzugte%20Stimme%20aus%20und%20lassen%20Sie%20uns%20gemeinsam%20Ihre%20Audio-Welt%20gestalten.,1,1,0,
96,0,0,https://cdn.hailuoai.video/moss/prod/2026-05-14-05/moss-audio/voice/u_2054676293873570458/demo/1778708587932629888-397944920203503_German.mp3,200,True,469.09120800046367,9196.12650000272,9196.12650000272,6280.0,1.464351353503618,101813,true,b4603271-e1fd-40d9-b70c-54dede176223,Guten%20Tag%2C%20ich%20freue%20mich%2C%20Sie%20bei%20unseren%20Sprachdiensten%20unterst%C3%BCtzen%20zu%20d%C3%BCrfen.%20W%C3%A4hlen%20Sie%20Ihre%20bevorzugte%20Stimme%20aus%20und%20lassen%20Sie%20uns%20gemeinsam%20Ihre%20Audio-Welt%20gestalten.,1,1,0,
97,0,0,https://cdn.hailuoai.video/moss/prod/2026-05-14-05/moss-audio/voice/u_2054676293873570458/demo/1778708587932629888-397944920203503_German.mp3,200,True,234.79437499918276,8616.096665999066,8616.096665999066,6280.0,1.3719899149680042,101813,true,60cab7b2-4232-49d8-aff9-1bdc41917ba3,Guten%20Tag%2C%20ich%20freue%20mich%2C%20Sie%20bei%20unseren%20Sprachdiensten%20unterst%C3%BCtzen%20zu%20d%C3%BCrfen.%20W%C3%A4hlen%20Sie%20Ihre%20bevorzugte%20Stimme%20aus%20und%20lassen%20Sie%20uns%20gemeinsam%20Ihre%20Audio-Welt%20gestalten.,1,1,0,
98,0,0,https://cdn.hailuoai.video/moss/prod/2026-05-14-05/moss-audio/voice/u_2054676293873570458/demo/1778708587932629888-397944920203503_German.mp3,200,True,229.05458400055068,9193.540542000846,9193.540542000846,6280.0,1.4639395767517271,101813,true,83f091fa-d556-4995-95e2-828f23b238ff,Guten%20Tag%2C%20ich%20freue%20mich%2C%20Sie%20bei%20unseren%20Sprachdiensten%20unterst%C3%BCtzen%20zu%20d%C3%BCrfen.%20W%C3%A4hlen%20Sie%20Ihre%20bevorzugte%20Stimme%20aus%20und%20lassen%20Sie%20uns%20gemeinsam%20Ihre%20Audio-Welt%20gestalten.,1,1,0,
99,0,0,https://cdn.hailuoai.video/moss/prod/2026-05-14-05/moss-audio/voice/u_2054676293873570458/demo/1778708587932629888-397944920203503_German.mp3,200,True,484.3902499997057,11348.34629100078,11348.34629100078,6280.0,1.8070615113058568,101813,true,b6f88b33-eff3-4df5-9291-5f795acb987c,Guten%20Tag%2C%20ich%20freue%20mich%2C%20Sie%20bei%20unseren%20Sprachdiensten%20unterst%C3%BCtzen%20zu%20d%C3%BCrfen.%20W%C3%A4hlen%20Sie%20Ihre%20bevorzugte%20Stimme%20aus%20und%20lassen%20Sie%20uns%20gemeinsam%20Ihre%20Audio-Welt%20gestalten.,1,1,0,
100,0,0,https://cdn.hailuoai.video/moss/prod/2026-05-14-05/moss-audio/voice/u_2054676293873570458/demo/1778708587932629888-397944920203503_German.mp3,200,True,239.44912500155624,8011.20770900161,8011.20770900161,6280.0,1.2756700173569442,101813,true,eecdcfab-c63c-48d1-be03-8517adecab81,Guten%20Tag%2C%20ich%20freue%20mich%2C%20Sie%20bei%20unseren%20Sprachdiensten%20unterst%C3%BCtzen%20zu%20d%C3%BCrfen.%20W%C3%A4hlen%20Sie%20Ihre%20bevorzugte%20Stimme%20aus%20und%20lassen%20Sie%20uns%20gemeinsam%20Ihre%20Audio-Welt%20gestalten.,1,1,0,
101,0,0,https://cdn.hailuoai.video/moss/prod/2026-05-14-05/moss-audio/voice/u_2054676293873570458/demo/1778708587932629888-397944920203503_German.mp3,200,True,237.36612499851617,8028.56249999968,8028.56249999968,6280.0,1.2784335191082292,101813,true,806c79b7-c21e-481b-a499-704a6be487b2,Guten%20Tag%2C%20ich%20freue%20mich%2C%20Sie%20bei%20unseren%20Sprachdiensten%20unterst%C3%BCtzen%20zu%20d%C3%BCrfen.%20W%C3%A4hlen%20Sie%20Ihre%20bevorzugte%20Stimme%20aus%20und%20lassen%20Sie%20uns%20gemeinsam%20Ihre%20Audio-Welt%20gestalten.,1,1,0,
102,0,0,https://cdn.hailuoai.video/moss/prod/2026-05-14-05/moss-audio/voice/u_2054676293873570458/demo/1778708587932629888-397944920203503_German.mp3,200,True,230.19733399996767,7878.262209000241,7878.262209000241,6280.0,1.2545003517516307,101813,true,69d3f8e1-c2aa-4ee4-a004-bfe1ab0aecf1,Guten%20Tag%2C%20ich%20freue%20mich%2C%20Sie%20bei%20unseren%20Sprachdiensten%20unterst%C3%BCtzen%20zu%20d%C3%BCrfen.%20W%C3%A4hlen%20Sie%20Ihre%20bevorzugte%20Stimme%20aus%20und%20lassen%20Sie%20uns%20gemeinsam%20Ihre%20Audio-Welt%20gestalten.,1,1,0,
103,0,0,https://cdn.hailuoai.video/moss/prod/2026-05-14-05/moss-audio/voice/u_2054676293873570458/demo/1778708587932629888-397944920203503_German.mp3,200,True,244.2502500016417,5812.705959000596,5812.705959000596,6280.0,0.9255901208599675,101813,true,a53dc24f-ce04-4a6f-9b91-e4f667db137b,Guten%20Tag%2C%20ich%20freue%20mich%2C%20Sie%20bei%20unseren%20Sprachdiensten%20unterst%C3%BCtzen%20zu%20d%C3%BCrfen.%20W%C3%A4hlen%20Sie%20Ihre%20bevorzugte%20Stimme%20aus%20und%20lassen%20Sie%20uns%20gemeinsam%20Ihre%20Audio-Welt%20gestalten.,1,1,0,
104,0,0,https://cdn.hailuoai.video/moss/prod/2026-05-14-05/moss-audio/voice/u_2054676293873570458/demo/1778708587932629888-397944920203503_German.mp3,200,True,518.206459000794,8105.103624999174,8105.103624999174,6280.0,1.290621596337448,101813,true,31b5f5d9-6d81-4bbb-9189-458664b7eb28,Guten%20Tag%2C%20ich%20freue%20mich%2C%20Sie%20bei%20unseren%20Sprachdiensten%20unterst%C3%BCtzen%20zu%20d%C3%BCrfen.%20W%C3%A4hlen%20Sie%20Ihre%20bevorzugte%20Stimme%20aus%20und%20lassen%20Sie%20uns%20gemeinsam%20Ihre%20Audio-Welt%20gestalten.,1,1,0,
105,0,0,https://cdn.hailuoai.video/moss/prod/2026-05-14-05/moss-audio/voice/u_2054676293873570458/demo/1778708587932629888-397944920203503_German.mp3,200,True,476.3578749989392,8995.252583001275,8995.252583001275,6280.0,1.432365060987464,101813,true,4eb556f9-6684-4242-b8b5-05f54027e698,Guten%20Tag%2C%20ich%20freue%20mich%2C%20Sie%20bei%20unseren%20Sprachdiensten%20unterst%C3%BCtzen%20zu%20d%C3%BCrfen.%20W%C3%A4hlen%20Sie%20Ihre%20bevorzugte%20Stimme%20aus%20und%20lassen%20Sie%20uns%20gemeinsam%20Ihre%20Audio-Welt%20gestalten.,1,1,0,
106,0,0,https://cdn.hailuoai.video/moss/prod/2026-05-14-05/moss-audio/voice/u_2054676293873570458/demo/1778708587932629888-397944920203503_German.mp3,200,True,475.9328340005595,9987.482583997917,9987.482583997917,6280.0,1.5903634687894772,101813,true,efb9c356-96eb-4a25-bbbf-2610a7a41427,Guten%20Tag%2C%20ich%20freue%20mich%2C%20Sie%20bei%20unseren%20Sprachdiensten%20unterst%C3%BCtzen%20zu%20d%C3%BCrfen.%20W%C3%A4hlen%20Sie%20Ihre%20bevorzugte%20Stimme%20aus%20und%20lassen%20Sie%20uns%20gemeinsam%20Ihre%20Audio-Welt%20gestalten.,1,1,0,
107,0,0,https://cdn.hailuoai.video/moss/prod/2026-05-14-05/moss-audio/voice/u_2054676293873570458/demo/1778708587932629888-397944920203503_German.mp3,200,True,483.62545800046064,9744.91483300153,9744.91483300153,6280.0,1.5517380307327278,101813,true,6c61859e-1302-44f3-8218-3e7ae23da822,Guten%20Tag%2C%20ich%20freue%20mich%2C%20Sie%20bei%20unseren%20Sprachdiensten%20unterst%C3%BCtzen%20zu%20d%C3%BCrfen.%20W%C3%A4hlen%20Sie%20Ihre%20bevorzugte%20Stimme%20aus%20und%20lassen%20Sie%20uns%20gemeinsam%20Ihre%20Audio-Welt%20gestalten.,1,1,0,
108,0,0,https://cdn.hailuoai.video/moss/prod/2026-05-14-05/moss-audio/voice/u_2054676293873570458/demo/1778708587932629888-397944920203503_German.mp3,200,True,477.09287500038045,5967.172792003112,5967.172792003112,6280.0,0.9501867503189668,101813,true,858a114a-2542-4307-b092-1cac31a07e6c,Guten%20Tag%2C%20ich%20freue%20mich%2C%20Sie%20bei%20unseren%20Sprachdiensten%20unterst%C3%BCtzen%20zu%20d%C3%BCrfen.%20W%C3%A4hlen%20Sie%20Ihre%20bevorzugte%20Stimme%20aus%20und%20lassen%20Sie%20uns%20gemeinsam%20Ihre%20Audio-Welt%20gestalten.,1,1,0,
109,0,0,https://cdn.hailuoai.video/moss/prod/2026-05-14-05/moss-audio/voice/u_2054676293873570458/demo/1778708587932629888-397944920203503_German.mp3,200,True,458.3718330031843,5853.264250003122,5853.264250003122,6280.0,0.9320484474527264,101813,true,9af5feac-d756-4a00-88ce-c59b468ea2da,Guten%20Tag%2C%20ich%20freue%20mich%2C%20Sie%20bei%20unseren%20Sprachdiensten%20unterst%C3%BCtzen%20zu%20d%C3%BCrfen.%20W%C3%A4hlen%20Sie%20Ihre%20bevorzugte%20Stimme%20aus%20und%20lassen%20Sie%20uns%20gemeinsam%20Ihre%20Audio-Welt%20gestalten.,1,1,0,
110,0,0,https://cdn.hailuoai.video/moss/prod/2026-05-14-05/moss-audio/voice/u_2054676293873570458/demo/1778708587932629888-397944920203503_German.mp3,200,True,513.0724590017053,5818.452709001576,5818.452709001576,6280.0,0.9265052084397415,101813,true,8fb235a8-a374-4e36-86b7-724e6c456160,Guten%20Tag%2C%20ich%20freue%20mich%2C%20Sie%20bei%20unseren%20Sprachdiensten%20unterst%C3%BCtzen%20zu%20d%C3%BCrfen.%20W%C3%A4hlen%20Sie%20Ihre%20bevorzugte%20Stimme%20aus%20und%20lassen%20Sie%20uns%20gemeinsam%20Ihre%20Audio-Welt%20gestalten.,1,1,0,
111,0,0,https://cdn.hailuoai.video/moss/prod/2026-05-14-05/moss-audio/voice/u_2054676293873570458/demo/1778708587932629888-397944920203503_German.mp3,200,True,494.8963749993709,9010.227082999336,9010.227082999336,6280.0,1.4347495355094484,101813,true,798cc5ff-8732-48bb-82f5-de0c36c789c7,Guten%20Tag%2C%20ich%20freue%20mich%2C%20Sie%20bei%20unseren%20Sprachdiensten%20unterst%C3%BCtzen%20zu%20d%C3%BCrfen.%20W%C3%A4hlen%20Sie%20Ihre%20bevorzugte%20Stimme%20aus%20und%20lassen%20Sie%20uns%20gemeinsam%20Ihre%20Audio-Welt%20gestalten.,1,1,0,
112,0,0,https://cdn.hailuoai.video/moss/prod/2026-05-14-05/moss-audio/voice/u_2054676293873570458/demo/1778708587932629888-397944920203503_German.mp3,200,True,476.9556669998565,5834.828000002744,5834.828000002744,6280.0,0.9291127388539402,101813,true,ebf092c1-667c-4a40-a274-ebb7c7cf0174,Guten%20Tag%2C%20ich%20freue%20mich%2C%20Sie%20bei%20unseren%20Sprachdiensten%20unterst%C3%BCtzen%20zu%20d%C3%BCrfen.%20W%C3%A4hlen%20Sie%20Ihre%20bevorzugte%20Stimme%20aus%20und%20lassen%20Sie%20uns%20gemeinsam%20Ihre%20Audio-Welt%20gestalten.,1,1,0,
113,0,0,https://cdn.hailuoai.video/moss/prod/2026-05-14-05/moss-audio/voice/u_2054676293873570458/demo/1778708587932629888-397944920203503_German.mp3,200,True,466.8260830003419,10727.905333002127,10727.905333002127,6280.0,1.7082651804143514,101813,true,e9b06bba-d41c-4721-b137-ccbc104384b8,Guten%20Tag%2C%20ich%20freue%20mich%2C%20Sie%20bei%20unseren%20Sprachdiensten%20unterst%C3%BCtzen%20zu%20d%C3%BCrfen.%20W%C3%A4hlen%20Sie%20Ihre%20bevorzugte%20Stimme%20aus%20und%20lassen%20Sie%20uns%20gemeinsam%20Ihre%20Audio-Welt%20gestalten.,1,1,0,
114,0,0,https://cdn.hailuoai.video/moss/prod/2026-05-14-05/moss-audio/voice/u_2054676293873570458/demo/1778708587932629888-397944920203503_German.mp3,200,True,491.4807090026443,6084.059167002124,6084.059167002124,6130.0,0.9925055737360724,99509,true,5265439e-9dc5-4f4a-8646-b05b7e1c0284,Guten%20Tag%2C%20ich%20freue%20mich%2C%20Sie%20bei%20unseren%20Sprachdiensten%20unterst%C3%BCtzen%20zu%20d%C3%BCrfen.%20W%C3%A4hlen%20Sie%20Ihre%20bevorzugte%20Stimme%20aus%20und%20lassen%20Sie%20uns%20gemeinsam%20Ihre%20Audio-Welt%20gestalten.,1,1,0,
115,0,0,https://cdn.hailuoai.video/moss/prod/2026-05-14-05/moss-audio/voice/u_2054676293873570458/demo/1778708587932629888-397944920203503_German.mp3,200,True,491.64558299889904,10924.970957999903,10924.970957999903,6230.0,1.7536068953450887,101045,true,ef535fef-749e-44e2-bf7c-a3a43822e5d8,Guten%20Tag%2C%20ich%20freue%20mich%2C%20Sie%20bei%20unseren%20Sprachdiensten%20unterst%C3%BCtzen%20zu%20d%C3%BCrfen.%20W%C3%A4hlen%20Sie%20Ihre%20bevorzugte%20Stimme%20aus%20und%20lassen%20Sie%20uns%20gemeinsam%20Ihre%20Audio-Welt%20gestalten.,1,1,0,
116,0,0,https://cdn.hailuoai.video/moss/prod/2026-05-14-05/moss-audio/voice/u_2054676293873570458/demo/1778708587932629888-397944920203503_German.mp3,200,True,470.1983749982901,6033.734874999936,6033.734874999936,6280.0,0.960785808121009,101813,true,b41e6e04-df57-4c88-aab1-073fc7146635,Guten%20Tag%2C%20ich%20freue%20mich%2C%20Sie%20bei%20unseren%20Sprachdiensten%20unterst%C3%BCtzen%20zu%20d%C3%BCrfen.%20W%C3%A4hlen%20Sie%20Ihre%20bevorzugte%20Stimme%20aus%20und%20lassen%20Sie%20uns%20gemeinsam%20Ihre%20Audio-Welt%20gestalten.,1,1,0,
117,0,0,https://cdn.hailuoai.video/moss/prod/2026-05-14-05/moss-audio/voice/u_2054676293873570458/demo/1778708587932629888-397944920203503_German.mp3,200,True,480.0371669989545,5986.852124999132,5986.852124999132,6280.0,0.9533204020699254,101813,true,4a1dc9de-e169-4d83-87e9-842c906fe083,Guten%20Tag%2C%20ich%20freue%20mich%2C%20Sie%20bei%20unseren%20Sprachdiensten%20unterst%C3%BCtzen%20zu%20d%C3%BCrfen.%20W%C3%A4hlen%20Sie%20Ihre%20bevorzugte%20Stimme%20aus%20und%20lassen%20Sie%20uns%20gemeinsam%20Ihre%20Audio-Welt%20gestalten.,1,1,0,
118,0,0,https://cdn.hailuoai.video/moss/prod/2026-05-14-05/moss-audio/voice/u_2054676293873570458/demo/1778708587932629888-397944920203503_German.mp3,200,True,233.90541700064205,10993.431250000867,10993.431250000867,6280.0,1.7505463773886731,101813,true,20801b64-4706-4d11-b3eb-9eb1ed262e54,Guten%20Tag%2C%20ich%20freue%20mich%2C%20Sie%20bei%20unseren%20Sprachdiensten%20unterst%C3%BCtzen%20zu%20d%C3%BCrfen.%20W%C3%A4hlen%20Sie%20Ihre%20bevorzugte%20Stimme%20aus%20und%20lassen%20Sie%20uns%20gemeinsam%20Ihre%20Audio-Welt%20gestalten.,1,1,0,
119,0,0,https://cdn.hailuoai.video/moss/prod/2026-05-14-05/moss-audio/voice/u_2054676293873570458/demo/1778708587932629888-397944920203503_German.mp3,200,True,458.7909159999981,11046.64104100084,11046.64104100084,6280.0,1.7590192740447197,101813,true,a38ae51f-858f-4301-b882-e0273a61fac1,Guten%20Tag%2C%20ich%20freue%20mich%2C%20Sie%20bei%20unseren%20Sprachdiensten%20unterst%C3%BCtzen%20zu%20d%C3%BCrfen.%20W%C3%A4hlen%20Sie%20Ihre%20bevorzugte%20Stimme%20aus%20und%20lassen%20Sie%20uns%20gemeinsam%20Ihre%20Audio-Welt%20gestalten.,1,1,0,
120,0,0,https://cdn.hailuoai.video/moss/prod/2026-05-14-05/moss-audio/voice/u_2054676293873570458/demo/1778708587932629888-397944920203503_German.mp3,200,True,477.47808400163194,5831.210625001404,5831.210625001404,6280.0,0.9285367237263382,101813,true,9e1e26aa-6777-473a-b81b-8a0b389e9e1b,Guten%20Tag%2C%20ich%20freue%20mich%2C%20Sie%20bei%20unseren%20Sprachdiensten%20unterst%C3%BCtzen%20zu%20d%C3%BCrfen.%20W%C3%A4hlen%20Sie%20Ihre%20bevorzugte%20Stimme%20aus%20und%20lassen%20Sie%20uns%20gemeinsam%20Ihre%20Audio-Welt%20gestalten.,1,1,0,
121,0,0,https://cdn.hailuoai.video/moss/prod/2026-05-14-05/moss-audio/voice/u_2054676293873570458/demo/1778708587932629888-397944920203503_German.mp3,200,True,465.7028750007157,5112.209416998667,5112.209416998667,6230.0,0.8205793606739433,101045,true,9e5f9670-f890-4819-9490-64eb033e7a85,Guten%20Tag%2C%20ich%20freue%20mich%2C%20Sie%20bei%20unseren%20Sprachdiensten%20unterst%C3%BCtzen%20zu%20d%C3%BCrfen.%20W%C3%A4hlen%20Sie%20Ihre%20bevorzugte%20Stimme%20aus%20und%20lassen%20Sie%20uns%20gemeinsam%20Ihre%20Audio-Welt%20gestalten.,1,1,0,
122,0,0,https://cdn.hailuoai.video/moss/prod/2026-05-14-05/moss-audio/voice/u_2054676293873570458/demo/1778708587932629888-397944920203503_German.mp3,200,True,501.7547919997014,8473.483958001452,8473.483958001452,6280.0,1.3492808850320783,101813,true,6ae30e23-d8f5-4d94-8186-8e8a22589a7d,Guten%20Tag%2C%20ich%20freue%20mich%2C%20Sie%20bei%20unseren%20Sprachdiensten%20unterst%C3%BCtzen%20zu%20d%C3%BCrfen.%20W%C3%A4hlen%20Sie%20Ihre%20bevorzugte%20Stimme%20aus%20und%20lassen%20Sie%20uns%20gemeinsam%20Ihre%20Audio-Welt%20gestalten.,1,1,0,
123,0,0,https://cdn.hailuoai.video/moss/prod/2026-05-14-05/moss-audio/voice/u_2054676293873570458/demo/1778708587932629888-397944920203503_German.mp3,200,True,494.27400000058697,6803.615959001036,6803.615959001036,6280.0,1.083378337420547,101813,true,c01a9d0c-40ef-4023-b3fa-88702e194151,Guten%20Tag%2C%20ich%20freue%20mich%2C%20Sie%20bei%20unseren%20Sprachdiensten%20unterst%C3%BCtzen%20zu%20d%C3%BCrfen.%20W%C3%A4hlen%20Sie%20Ihre%20bevorzugte%20Stimme%20aus%20und%20lassen%20Sie%20uns%20gemeinsam%20Ihre%20Audio-Welt%20gestalten.,1,1,0,
124,0,0,https://cdn.hailuoai.video/moss/prod/2026-05-14-05/moss-audio/voice/u_2054676293873570458/demo/1778708587932629888-397944920203503_German.mp3,200,True,505.56275000053574,9083.447249999153,9083.447249999153,6280.0,1.4464087977705657,101813,true,df3bf54b-5490-47e0-8297-dcc2400742e8,Guten%20Tag%2C%20ich%20freue%20mich%2C%20Sie%20bei%20unseren%20Sprachdiensten%20unterst%C3%BCtzen%20zu%20d%C3%BCrfen.%20W%C3%A4hlen%20Sie%20Ihre%20bevorzugte%20Stimme%20aus%20und%20lassen%20Sie%20uns%20gemeinsam%20Ihre%20Audio-Welt%20gestalten.,1,1,0,
125,0,0,https://cdn.hailuoai.video/moss/prod/2026-05-14-05/moss-audio/voice/u_2054676293873570458/demo/1778708587932629888-397944920203503_German.mp3,200,True,469.94837499732967,5979.166957997222,5979.166957997222,6280.0,0.952096649362615,101813,true,6b29fcca-84f5-49dd-94da-7b66e04e6379,Guten%20Tag%2C%20ich%20freue%20mich%2C%20Sie%20bei%20unseren%20Sprachdiensten%20unterst%C3%BCtzen%20zu%20d%C3%BCrfen.%20W%C3%A4hlen%20Sie%20Ihre%20bevorzugte%20Stimme%20aus%20und%20lassen%20Sie%20uns%20gemeinsam%20Ihre%20Audio-Welt%20gestalten.,1,1,0,
126,0,0,https://cdn.hailuoai.video/moss/prod/2026-05-14-05/moss-audio/voice/u_2054676293873570458/demo/1778708587932629888-397944920203503_German.mp3,200,True,459.15600000080303,9637.378540999634,9637.378540999634,6270.0,1.5370619682615048,101813,true,a08a95d8-651e-4ed4-9d74-7a35ae889e91,Guten%20Tag%2C%20ich%20freue%20mich%2C%20Sie%20bei%20unseren%20Sprachdiensten%20unterst%C3%BCtzen%20zu%20d%C3%BCrfen.%20W%C3%A4hlen%20Sie%20Ihre%20bevorzugte%20Stimme%20aus%20und%20lassen%20Sie%20uns%20gemeinsam%20Ihre%20Audio-Welt%20gestalten.,1,1,0,
127,0,0,https://cdn.hailuoai.video/moss/prod/2026-05-14-05/moss-audio/voice/u_2054676293873570458/demo/1778708587932629888-397944920203503_German.mp3,200,True,532.4302080007328,6216.28870800123,6216.28870800123,6280.0,0.989854889809113,101813,true,379626e5-a021-4dfd-9918-c03c6ac8f631,Guten%20Tag%2C%20ich%20freue%20mich%2C%20Sie%20bei%20unseren%20Sprachdiensten%20unterst%C3%BCtzen%20zu%20d%C3%BCrfen.%20W%C3%A4hlen%20Sie%20Ihre%20bevorzugte%20Stimme%20aus%20und%20lassen%20Sie%20uns%20gemeinsam%20Ihre%20Audio-Welt%20gestalten.,1,1,0,
128,0,0,https://cdn.hailuoai.video/moss/prod/2026-05-14-05/moss-audio/voice/u_2054676293873570458/demo/1778708587932629888-397944920203503_German.mp3,200,True,278.4357499986072,5279.82316699854,5279.82316699854,6210.0,0.8502130703701353,100661,true,0148e91f-2f64-4fcd-9104-730c5917a7d8,Guten%20Tag%2C%20ich%20freue%20mich%2C%20Sie%20bei%20unseren%20Sprachdiensten%20unterst%C3%BCtzen%20zu%20d%C3%BCrfen.%20W%C3%A4hlen%20Sie%20Ihre%20bevorzugte%20Stimme%20aus%20und%20lassen%20Sie%20uns%20gemeinsam%20Ihre%20Audio-Welt%20gestalten.,1,1,0,
129,0,0,https://cdn.hailuoai.video/moss/prod/2026-05-14-05/moss-audio/voice/u_2054676293873570458/demo/1778708587932629888-397944920203503_German.mp3,200,True,256.16570800048066,5215.676666000945,5215.676666000945,6190.0,0.8425971996770509,100277,true,e21d88e0-46bb-4a58-8c92-db4f71b35b2b,Guten%20Tag%2C%20ich%20freue%20mich%2C%20Sie%20bei%20unseren%20Sprachdiensten%20unterst%C3%BCtzen%20zu%20d%C3%BCrfen.%20W%C3%A4hlen%20Sie%20Ihre%20bevorzugte%20Stimme%20aus%20und%20lassen%20Sie%20uns%20gemeinsam%20Ihre%20Audio-Welt%20gestalten.,1,1,0,
130,0,0,https://cdn.hailuoai.video/moss/prod/2026-05-14-05/moss-audio/voice/u_2054676293873570458/demo/1778708587932629888-397944920203503_German.mp3,200,True,267.5927080017573,8627.040374998614,8627.040374998614,6270.0,1.375923504784468,101813,true,4b9ccff2-38f3-4b80-9c14-1e02b86512eb,Guten%20Tag%2C%20ich%20freue%20mich%2C%20Sie%20bei%20unseren%20Sprachdiensten%20unterst%C3%BCtzen%20zu%20d%C3%BCrfen.%20W%C3%A4hlen%20Sie%20Ihre%20bevorzugte%20Stimme%20aus%20und%20lassen%20Sie%20uns%20gemeinsam%20Ihre%20Audio-Welt%20gestalten.,1,1,0,
131,0,0,https://cdn.hailuoai.video/moss/prod/2026-05-14-05/moss-audio/voice/u_2054676293873570458/demo/1778708587932629888-397944920203503_German.mp3,200,True,243.48404099873733,8647.427125000831,8647.427125000831,6280.0,1.3769788415606419,101813,true,04844adf-d9c8-41e9-887d-204d4ff2f201,Guten%20Tag%2C%20ich%20freue%20mich%2C%20Sie%20bei%20unseren%20Sprachdiensten%20unterst%C3%BCtzen%20zu%20d%C3%BCrfen.%20W%C3%A4hlen%20Sie%20Ihre%20bevorzugte%20Stimme%20aus%20und%20lassen%20Sie%20uns%20gemeinsam%20Ihre%20Audio-Welt%20gestalten.,1,1,0,
132,0,0,https://cdn.hailuoai.video/moss/prod/2026-05-14-05/moss-audio/voice/u_2054676293873570458/demo/1778708587932629888-397944920203503_German.mp3,200,True,498.136207999778,7550.103082998248,7550.103082998248,6250.0,1.2080164932797197,101429,true,62b31120-a81b-4ded-aa9e-06c60786a1f3,Guten%20Tag%2C%20ich%20freue%20mich%2C%20Sie%20bei%20unseren%20Sprachdiensten%20unterst%C3%BCtzen%20zu%20d%C3%BCrfen.%20W%C3%A4hlen%20Sie%20Ihre%20bevorzugte%20Stimme%20aus%20und%20lassen%20Sie%20uns%20gemeinsam%20Ihre%20Audio-Welt%20gestalten.,1,1,0,
133,0,0,https://cdn.hailuoai.video/moss/prod/2026-05-14-05/moss-audio/voice/u_2054676293873570458/demo/1778708587932629888-397944920203503_German.mp3,200,True,269.77637500021956,8271.888584000408,8271.888584000408,6280.0,1.3171797108280905,101813,true,fef2f640-b5d7-4817-bd47-48000d75c180,Guten%20Tag%2C%20ich%20freue%20mich%2C%20Sie%20bei%20unseren%20Sprachdiensten%20unterst%C3%BCtzen%20zu%20d%C3%BCrfen.%20W%C3%A4hlen%20Sie%20Ihre%20bevorzugte%20Stimme%20aus%20und%20lassen%20Sie%20uns%20gemeinsam%20Ihre%20Audio-Welt%20gestalten.,1,1,0,
134,0,0,https://cdn.hailuoai.video/moss/prod/2026-05-14-05/moss-audio/voice/u_2054676293873570458/demo/1778708587932629888-397944920203503_German.mp3,200,True,231.92562499752967,8197.338499998295,8197.338499998295,6190.0,1.324287318254975,100277,true,5ec3321a-2dfa-415a-8188-57e25dad4d07,Guten%20Tag%2C%20ich%20freue%20mich%2C%20Sie%20bei%20unseren%20Sprachdiensten%20unterst%C3%BCtzen%20zu%20d%C3%BCrfen.%20W%C3%A4hlen%20Sie%20Ihre%20bevorzugte%20Stimme%20aus%20und%20lassen%20Sie%20uns%20gemeinsam%20Ihre%20Audio-Welt%20gestalten.,1,1,0,
135,0,0,https://cdn.hailuoai.video/moss/prod/2026-05-14-05/moss-audio/voice/u_2054676293873570458/demo/1778708587932629888-397944920203503_German.mp3,200,True,502.6192910008831,5837.717958002031,5837.717958002031,6240.0,0.935531724038787,101045,true,79eeedc0-cc40-46b3-93aa-e8cf83783afc,Guten%20Tag%2C%20ich%20freue%20mich%2C%20Sie%20bei%20unseren%20Sprachdiensten%20unterst%C3%BCtzen%20zu%20d%C3%BCrfen.%20W%C3%A4hlen%20Sie%20Ihre%20bevorzugte%20Stimme%20aus%20und%20lassen%20Sie%20uns%20gemeinsam%20Ihre%20Audio-Welt%20gestalten.,1,1,0,
136,0,0,https://cdn.hailuoai.video/moss/prod/2026-05-14-05/moss-audio/voice/u_2054676293873570458/demo/1778708587932629888-397944920203503_German.mp3,200,True,496.1322499984817,6394.801833997917,6394.801833997917,6180.0,1.034757578316815,100277,true,e2eb4b28-7337-498e-b582-25200ffd6bff,Guten%20Tag%2C%20ich%20freue%20mich%2C%20Sie%20bei%20unseren%20Sprachdiensten%20unterst%C3%BCtzen%20zu%20d%C3%BCrfen.%20W%C3%A4hlen%20Sie%20Ihre%20bevorzugte%20Stimme%20aus%20und%20lassen%20Sie%20uns%20gemeinsam%20Ihre%20Audio-Welt%20gestalten.,1,1,0,
137,0,0,https://cdn.hailuoai.video/moss/prod/2026-05-14-05/moss-audio/voice/u_2054676293873570458/demo/1778708587932629888-397944920203503_German.mp3,200,True,510.918333002337,6146.078958001453,6146.078958001453,6280.0,0.9786749933123333,101813,true,56331d6f-996e-4bfb-8e29-c0352e8e2ba3,Guten%20Tag%2C%20ich%20freue%20mich%2C%20Sie%20bei%20unseren%20Sprachdiensten%20unterst%C3%BCtzen%20zu%20d%C3%BCrfen.%20W%C3%A4hlen%20Sie%20Ihre%20bevorzugte%20Stimme%20aus%20und%20lassen%20Sie%20uns%20gemeinsam%20Ihre%20Audio-Welt%20gestalten.,1,1,0,
138,0,0,https://cdn.hailuoai.video/moss/prod/2026-05-14-05/moss-audio/voice/u_2054676293873570458/demo/1778708587932629888-397944920203503_German.mp3,200,True,490.87745799988625,6357.1090000004915,6357.1090000004915,6280.0,1.0122785031847916,101813,true,b496adf4-4896-477e-bab2-a86eb237e009,Guten%20Tag%2C%20ich%20freue%20mich%2C%20Sie%20bei%20unseren%20Sprachdiensten%20unterst%C3%BCtzen%20zu%20d%C3%BCrfen.%20W%C3%A4hlen%20Sie%20Ihre%20bevorzugte%20Stimme%20aus%20und%20lassen%20Sie%20uns%20gemeinsam%20Ihre%20Audio-Welt%20gestalten.,1,1,0,
139,0,0,https://cdn.hailuoai.video/moss/prod/2026-05-14-05/moss-audio/voice/u_2054676293873570458/demo/1778708587932629888-397944920203503_German.mp3,200,True,456.2733749990002,7483.055749999039,7483.055749999039,6280.0,1.1915693869425221,101813,true,63554c66-fe18-4e9b-977b-d4a9c3006cac,Guten%20Tag%2C%20ich%20freue%20mich%2C%20Sie%20bei%20unseren%20Sprachdiensten%20unterst%C3%BCtzen%20zu%20d%C3%BCrfen.%20W%C3%A4hlen%20Sie%20Ihre%20bevorzugte%20Stimme%20aus%20und%20lassen%20Sie%20uns%20gemeinsam%20Ihre%20Audio-Welt%20gestalten.,1,1,0,
140,0,0,https://cdn.hailuoai.video/moss/prod/2026-05-14-05/moss-audio/voice/u_2054676293873570458/demo/1778708587932629888-397944920203503_German.mp3,200,True,265.7106670012581,7494.645500002662,7494.645500002662,6160.0,1.2166632305199125,99893,true,396471f4-25ec-4472-a446-8cedf74cbacc,Guten%20Tag%2C%20ich%20freue%20mich%2C%20Sie%20bei%20unseren%20Sprachdiensten%20unterst%C3%BCtzen%20zu%20d%C3%BCrfen.%20W%C3%A4hlen%20Sie%20Ihre%20bevorzugte%20Stimme%20aus%20und%20lassen%20Sie%20uns%20gemeinsam%20Ihre%20Audio-Welt%20gestalten.,1,1,0,
141,0,0,https://cdn.hailuoai.video/moss/prod/2026-05-14-05/moss-audio/voice/u_2054676293873570458/demo/1778708587932629888-397944920203503_German.mp3,200,True,282.3860419994162,7652.5504589990305,7652.5504589990305,6280.0,1.2185589902864697,101813,true,2e9fb50c-d5c9-48ff-89cb-d1bbf2d31c55,Guten%20Tag%2C%20ich%20freue%20mich%2C%20Sie%20bei%20unseren%20Sprachdiensten%20unterst%C3%BCtzen%20zu%20d%C3%BCrfen.%20W%C3%A4hlen%20Sie%20Ihre%20bevorzugte%20Stimme%20aus%20und%20lassen%20Sie%20uns%20gemeinsam%20Ihre%20Audio-Welt%20gestalten.,1,1,0,
142,0,0,https://cdn.hailuoai.video/moss/prod/2026-05-14-05/moss-audio/voice/u_2054676293873570458/demo/1778708587932629888-397944920203503_German.mp3,200,True,247.42208300085622,7601.316915999632,7601.316915999632,6280.0,1.2104007828024892,101813,true,8de15761-8d7f-4406-91ce-e8e040ed0ca9,Guten%20Tag%2C%20ich%20freue%20mich%2C%20Sie%20bei%20unseren%20Sprachdiensten%20unterst%C3%BCtzen%20zu%20d%C3%BCrfen.%20W%C3%A4hlen%20Sie%20Ihre%20bevorzugte%20Stimme%20aus%20und%20lassen%20Sie%20uns%20gemeinsam%20Ihre%20Audio-Welt%20gestalten.,1,1,0,
143,0,0,https://cdn.hailuoai.video/moss/prod/2026-05-14-05/moss-audio/voice/u_2054676293873570458/demo/1778708587932629888-397944920203503_German.mp3,200,True,261.9479169989063,7635.87304199973,7635.87304199973,6260.0,1.2197880258785512,101429,true,a1521f1c-5c48-4f29-8795-37986221de51,Guten%20Tag%2C%20ich%20freue%20mich%2C%20Sie%20bei%20unseren%20Sprachdiensten%20unterst%C3%BCtzen%20zu%20d%C3%BCrfen.%20W%C3%A4hlen%20Sie%20Ihre%20bevorzugte%20Stimme%20aus%20und%20lassen%20Sie%20uns%20gemeinsam%20Ihre%20Audio-Welt%20gestalten.,1,1,0,
144,0,0,https://cdn.hailuoai.video/moss/prod/2026-05-14-05/moss-audio/voice/u_2054676293873570458/demo/1778708587932629888-397944920203503_German.mp3,200,True,257.9298749988084,8091.674208000768,8091.674208000768,6280.0,1.2884831541402497,101813,true,05eea7b5-da0e-4ad3-825b-e6df4896f087,Guten%20Tag%2C%20ich%20freue%20mich%2C%20Sie%20bei%20unseren%20Sprachdiensten%20unterst%C3%BCtzen%20zu%20d%C3%BCrfen.%20W%C3%A4hlen%20Sie%20Ihre%20bevorzugte%20Stimme%20aus%20und%20lassen%20Sie%20uns%20gemeinsam%20Ihre%20Audio-Welt%20gestalten.,1,1,0,
145,0,0,https://cdn.hailuoai.video/moss/prod/2026-05-14-05/moss-audio/voice/u_2054676293873570458/demo/1778708587932629888-397944920203503_German.mp3,200,True,492.6007079993724,7330.972583000403,7330.972583000403,6280.0,1.167352322133822,101813,true,d408446a-f906-455d-bdd2-36a46642b5df,Guten%20Tag%2C%20ich%20freue%20mich%2C%20Sie%20bei%20unseren%20Sprachdiensten%20unterst%C3%BCtzen%20zu%20d%C3%BCrfen.%20W%C3%A4hlen%20Sie%20Ihre%20bevorzugte%20Stimme%20aus%20und%20lassen%20Sie%20uns%20gemeinsam%20Ihre%20Audio-Welt%20gestalten.,1,1,0,
146,0,0,https://cdn.hailuoai.video/moss/prod/2026-05-14-05/moss-audio/voice/u_2054676293873570458/demo/1778708587932629888-397944920203503_German.mp3,200,True,230.39849999986473,8001.616124998691,8001.616124998691,6250.0,1.2802585799997905,101429,true,3ff31d08-ba54-428d-81c8-3fdede6036a6,Guten%20Tag%2C%20ich%20freue%20mich%2C%20Sie%20bei%20unseren%20Sprachdiensten%20unterst%C3%BCtzen%20zu%20d%C3%BCrfen.%20W%C3%A4hlen%20Sie%20Ihre%20bevorzugte%20Stimme%20aus%20und%20lassen%20Sie%20uns%20gemeinsam%20Ihre%20Audio-Welt%20gestalten.,1,1,0,
147,0,0,https://cdn.hailuoai.video/moss/prod/2026-05-14-05/moss-audio/voice/u_2054676293873570458/demo/1778708587932629888-397944920203503_German.mp3,200,True,251.9556660008675,4821.855291000247,4821.855291000247,6280.0,0.7678113520701031,101813,true,f01b785e-5e15-4798-b172-b0118c88d635,Guten%20Tag%2C%20ich%20freue%20mich%2C%20Sie%20bei%20unseren%20Sprachdiensten%20unterst%C3%BCtzen%20zu%20d%C3%BCrfen.%20W%C3%A4hlen%20Sie%20Ihre%20bevorzugte%20Stimme%20aus%20und%20lassen%20Sie%20uns%20gemeinsam%20Ihre%20Audio-Welt%20gestalten.,1,1,0,
148,0,0,https://cdn.hailuoai.video/moss/prod/2026-05-14-05/moss-audio/voice/u_2054676293873570458/demo/1778708587932629888-397944920203503_German.mp3,200,True,231.54375000012806,9677.90658299782,9677.90658299782,6180.0,1.5660043014559581,100277,true,e7f03ee8-8278-44b7-beb0-976a12f4152c,Guten%20Tag%2C%20ich%20freue%20mich%2C%20Sie%20bei%20unseren%20Sprachdiensten%20unterst%C3%BCtzen%20zu%20d%C3%BCrfen.%20W%C3%A4hlen%20Sie%20Ihre%20bevorzugte%20Stimme%20aus%20und%20lassen%20Sie%20uns%20gemeinsam%20Ihre%20Audio-Welt%20gestalten.,1,1,0,
149,0,0,https://cdn.hailuoai.video/moss/prod/2026-05-14-05/moss-audio/voice/u_2054676293873570458/demo/1778708587932629888-397944920203503_German.mp3,200,True,468.7346249993425,8104.137833001005,8104.137833001005,6280.0,1.2904678078027079,101813,true,7b46a85a-330a-4e56-9fe2-468d7cf3a789,Guten%20Tag%2C%20ich%20freue%20mich%2C%20Sie%20bei%20unseren%20Sprachdiensten%20unterst%C3%BCtzen%20zu%20d%C3%BCrfen.%20W%C3%A4hlen%20Sie%20Ihre%20bevorzugte%20Stimme%20aus%20und%20lassen%20Sie%20uns%20gemeinsam%20Ihre%20Audio-Welt%20gestalten.,1,1,0,
150,0,0,https://cdn.hailuoai.video/moss/prod/2026-05-14-05/moss-audio/voice/u_2054676293873570458/demo/1778708587932629888-397944920203503_German.mp3,200,True,235.7922499977576,5714.1998749975755,5714.1998749975755,6280.0,0.9099044386938815,101813,true,0a2788c8-50bc-4409-93c2-89a7960ce199,Guten%20Tag%2C%20ich%20freue%20mich%2C%20Sie%20bei%20unseren%20Sprachdiensten%20unterst%C3%BCtzen%20zu%20d%C3%BCrfen.%20W%C3%A4hlen%20Sie%20Ihre%20bevorzugte%20Stimme%20aus%20und%20lassen%20Sie%20uns%20gemeinsam%20Ihre%20Audio-Welt%20gestalten.,1,1,0,
151,0,0,https://cdn.hailuoai.video/moss/prod/2026-05-14-05/moss-audio/voice/u_2054676293873570458/demo/1778708587932629888-397944920203503_German.mp3,200,True,241.4754580022418,7648.280916000658,7648.280916000658,6230.0,1.2276534375602983,101045,true,b313be7d-ef63-4e4b-9ca1-10988c44e614,Guten%20Tag%2C%20ich%20freue%20mich%2C%20Sie%20bei%20unseren%20Sprachdiensten%20unterst%C3%BCtzen%20zu%20d%C3%BCrfen.%20W%C3%A4hlen%20Sie%20Ihre%20bevorzugte%20Stimme%20aus%20und%20lassen%20Sie%20uns%20gemeinsam%20Ihre%20Audio-Welt%20gestalten.,1,1,0,
152,0,0,https://cdn.hailuoai.video/moss/prod/2026-05-14-05/moss-audio/voice/u_2054676293873570458/demo/1778708587932629888-397944920203503_German.mp3,200,True,539.8402079990774,6195.90829200024,6195.90829200024,6280.0,0.9866096006369809,101813,true,ea0bad2f-e6ed-47f1-86b9-4d0cb661bfff,Guten%20Tag%2C%20ich%20freue%20mich%2C%20Sie%20bei%20unseren%20Sprachdiensten%20unterst%C3%BCtzen%20zu%20d%C3%BCrfen.%20W%C3%A4hlen%20Sie%20Ihre%20bevorzugte%20Stimme%20aus%20und%20lassen%20Sie%20uns%20gemeinsam%20Ihre%20Audio-Welt%20gestalten.,1,1,0,
153,0,0,https://cdn.hailuoai.video/moss/prod/2026-05-14-05/moss-audio/voice/u_2054676293873570458/demo/1778708587932629888-397944920203503_German.mp3,200,True,512.513541001681,7367.772790999879,7367.772790999879,6210.0,1.1864368423510272,100661,true,ce4ce0c9-fdfa-4311-b09b-a646eb22add7,Guten%20Tag%2C%20ich%20freue%20mich%2C%20Sie%20bei%20unseren%20Sprachdiensten%20unterst%C3%BCtzen%20zu%20d%C3%BCrfen.%20W%C3%A4hlen%20Sie%20Ihre%20bevorzugte%20Stimme%20aus%20und%20lassen%20Sie%20uns%20gemeinsam%20Ihre%20Audio-Welt%20gestalten.,1,1,0,
154,0,0,https://cdn.hailuoai.video/moss/prod/2026-05-14-05/moss-audio/voice/u_2054676293873570458/demo/1778708587932629888-397944920203503_German.mp3,200,True,473.3904159984377,6902.080832998763,6902.080832998763,6280.0,1.0990574574838794,101813,true,be9429e6-0cfb-4ced-a5b9-23f254347c4c,Guten%20Tag%2C%20ich%20freue%20mich%2C%20Sie%20bei%20unseren%20Sprachdiensten%20unterst%C3%BCtzen%20zu%20d%C3%BCrfen.%20W%C3%A4hlen%20Sie%20Ihre%20bevorzugte%20Stimme%20aus%20und%20lassen%20Sie%20uns%20gemeinsam%20Ihre%20Audio-Welt%20gestalten.,1,1,0,
155,0,0,https://cdn.hailuoai.video/moss/prod/2026-05-14-05/moss-audio/voice/u_2054676293873570458/demo/1778708587932629888-397944920203503_German.mp3,200,True,472.5393750013609,6880.443124999147,6880.443124999147,6280.0,1.095611962579482,101813,true,094a98b5-52a8-4ca5-96ac-1559a2c551bd,Guten%20Tag%2C%20ich%20freue%20mich%2C%20Sie%20bei%20unseren%20Sprachdiensten%20unterst%C3%BCtzen%20zu%20d%C3%BCrfen.%20W%C3%A4hlen%20Sie%20Ihre%20bevorzugte%20Stimme%20aus%20und%20lassen%20Sie%20uns%20gemeinsam%20Ihre%20Audio-Welt%20gestalten.,1,1,0,
156,0,0,https://cdn.hailuoai.video/moss/prod/2026-05-14-05/moss-audio/voice/u_2054676293873570458/demo/1778708587932629888-397944920203503_German.mp3,200,True,468.69162499933736,6829.052749999391,6829.052749999391,6280.0,1.087428781847037,101813,true,eaa46a05-4cea-43a8-9edb-6a5d3bce1853,Guten%20Tag%2C%20ich%20freue%20mich%2C%20Sie%20bei%20unseren%20Sprachdiensten%20unterst%C3%BCtzen%20zu%20d%C3%BCrfen.%20W%C3%A4hlen%20Sie%20Ihre%20bevorzugte%20Stimme%20aus%20und%20lassen%20Sie%20uns%20gemeinsam%20Ihre%20Audio-Welt%20gestalten.,1,1,0,
157,0,0,https://cdn.hailuoai.video/moss/prod/2026-05-14-05/moss-audio/voice/u_2054676293873570458/demo/1778708587932629888-397944920203503_German.mp3,200,True,502.9842500007362,4607.195958000375,4607.195958000375,6280.0,0.7336299296178941,101813,true,44f7f59b-b3a2-4f74-bffe-d20a402bf53e,Guten%20Tag%2C%20ich%20freue%20mich%2C%20Sie%20bei%20unseren%20Sprachdiensten%20unterst%C3%BCtzen%20zu%20d%C3%BCrfen.%20W%C3%A4hlen%20Sie%20Ihre%20bevorzugte%20Stimme%20aus%20und%20lassen%20Sie%20uns%20gemeinsam%20Ihre%20Audio-Welt%20gestalten.,1,1,0,
158,0,0,https://cdn.hailuoai.video/moss/prod/2026-05-14-05/moss-audio/voice/u_2054676293873570458/demo/1778708587932629888-397944920203503_German.mp3,200,True,461.8876659988018,3579.0589999996882,3579.0589999996882,6250.0,0.5726494399999501,101429,true,26cd192d-29e7-417b-a971-eb1e1d1adbcb,Guten%20Tag%2C%20ich%20freue%20mich%2C%20Sie%20bei%20unseren%20Sprachdiensten%20unterst%C3%BCtzen%20zu%20d%C3%BCrfen.%20W%C3%A4hlen%20Sie%20Ihre%20bevorzugte%20Stimme%20aus%20und%20lassen%20Sie%20uns%20gemeinsam%20Ihre%20Audio-Welt%20gestalten.,1,1,0,
159,0,0,https://cdn.hailuoai.video/moss/prod/2026-05-14-05/moss-audio/voice/u_2054676293873570458/demo/1778708587932629888-397944920203503_German.mp3,200,True,456.5252499996859,9024.562041999161,9024.562041999161,6280.0,1.43703217229286,101813,true,51df83e0-fea8-434f-840e-1e91e8db7bed,Guten%20Tag%2C%20ich%20freue%20mich%2C%20Sie%20bei%20unseren%20Sprachdiensten%20unterst%C3%BCtzen%20zu%20d%C3%BCrfen.%20W%C3%A4hlen%20Sie%20Ihre%20bevorzugte%20Stimme%20aus%20und%20lassen%20Sie%20uns%20gemeinsam%20Ihre%20Audio-Welt%20gestalten.,1,1,0,
160,0,0,https://cdn.hailuoai.video/moss/prod/2026-05-14-05/moss-audio/voice/u_2054676293873570458/demo/1778708587932629888-397944920203503_German.mp3,200,True,475.7160839981225,4561.4143749990035,4561.4143749990035,6190.0,0.7369005452340878,100277,true,29fc7e4a-f438-4a67-bc64-356cf6e9decb,Guten%20Tag%2C%20ich%20freue%20mich%2C%20Sie%20bei%20unseren%20Sprachdiensten%20unterst%C3%BCtzen%20zu%20d%C3%BCrfen.%20W%C3%A4hlen%20Sie%20Ihre%20bevorzugte%20Stimme%20aus%20und%20lassen%20Sie%20uns%20gemeinsam%20Ihre%20Audio-Welt%20gestalten.,1,1,0,
161,0,0,https://cdn.hailuoai.video/moss/prod/2026-05-14-05/moss-audio/voice/u_2054676293873570458/demo/1778708587932629888-397944920203503_German.mp3,200,True,470.45991599952686,7873.001250001835,7873.001250001835,6280.0,1.2536626194270437,101813,true,5f99a1b6-0a99-454a-a0df-5424999512ee,Guten%20Tag%2C%20ich%20freue%20mich%2C%20Sie%20bei%20unseren%20Sprachdiensten%20unterst%C3%BCtzen%20zu%20d%C3%BCrfen.%20W%C3%A4hlen%20Sie%20Ihre%20bevorzugte%20Stimme%20aus%20und%20lassen%20Sie%20uns%20gemeinsam%20Ihre%20Audio-Welt%20gestalten.,1,1,0,
162,0,0,https://cdn.hailuoai.video/moss/prod/2026-05-14-05/moss-audio/voice/u_2054676293873570458/demo/1778708587932629888-397944920203503_German.mp3,200,True,457.6567919975787,7863.717416999862,7863.717416999862,6260.0,1.2561848908945465,101429,true,ffea047f-598e-4989-8dee-63a3c46d2a47,Guten%20Tag%2C%20ich%20freue%20mich%2C%20Sie%20bei%20unseren%20Sprachdiensten%20unterst%C3%BCtzen%20zu%20d%C3%BCrfen.%20W%C3%A4hlen%20Sie%20Ihre%20bevorzugte%20Stimme%20aus%20und%20lassen%20Sie%20uns%20gemeinsam%20Ihre%20Audio-Welt%20gestalten.,1,1,0,
163,0,0,https://cdn.hailuoai.video/moss/prod/2026-05-14-05/moss-audio/voice/u_2054676293873570458/demo/1778708587932629888-397944920203503_German.mp3,200,True,458.0166250016191,6508.888333002687,6508.888333002687,6270.0,1.0381002126001095,101813,true,5d9c2be0-2c4b-45bf-a091-b2d8a66ed1d0,Guten%20Tag%2C%20ich%20freue%20mich%2C%20Sie%20bei%20unseren%20Sprachdiensten%20unterst%C3%BCtzen%20zu%20d%C3%BCrfen.%20W%C3%A4hlen%20Sie%20Ihre%20bevorzugte%20Stimme%20aus%20und%20lassen%20Sie%20uns%20gemeinsam%20Ihre%20Audio-Welt%20gestalten.,1,1,0,
164,0,0,https://cdn.hailuoai.video/moss/prod/2026-05-14-05/moss-audio/voice/u_2054676293873570458/demo/1778708587932629888-397944920203503_German.mp3,200,True,475.5384999989474,3668.4763749981357,3668.4763749981357,6270.0,0.5850839513553645,101813,true,ab3c0de7-0215-474b-a14f-c2733b481612,Guten%20Tag%2C%20ich%20freue%20mich%2C%20Sie%20bei%20unseren%20Sprachdiensten%20unterst%C3%BCtzen%20zu%20d%C3%BCrfen.%20W%C3%A4hlen%20Sie%20Ihre%20bevorzugte%20Stimme%20aus%20und%20lassen%20Sie%20uns%20gemeinsam%20Ihre%20Audio-Welt%20gestalten.,1,1,0,
165,0,0,https://cdn.hailuoai.video/moss/prod/2026-05-14-05/moss-audio/voice/u_2054676293873570458/demo/1778708587932629888-397944920203503_German.mp3,200,True,480.8907500009809,7006.30833300238,7006.30833300238,6280.0,1.1156541931532453,101813,true,0cc223cc-295b-4ad3-a17f-7c8683bf7cb8,Guten%20Tag%2C%20ich%20freue%20mich%2C%20Sie%20bei%20unseren%20Sprachdiensten%20unterst%C3%BCtzen%20zu%20d%C3%BCrfen.%20W%C3%A4hlen%20Sie%20Ihre%20bevorzugte%20Stimme%20aus%20und%20lassen%20Sie%20uns%20gemeinsam%20Ihre%20Audio-Welt%20gestalten.,1,1,0,
166,0,0,https://cdn.hailuoai.video/moss/prod/2026-05-14-05/moss-audio/voice/u_2054676293873570458/demo/1778708587932629888-397944920203503_German.mp3,200,True,459.69104200048605,6283.127250000689,6283.127250000689,6210.0,1.011775724637792,100661,true,1f6ad27a-1797-47b0-81bd-d17b8a7981ee,Guten%20Tag%2C%20ich%20freue%20mich%2C%20Sie%20bei%20unseren%20Sprachdiensten%20unterst%C3%BCtzen%20zu%20d%C3%BCrfen.%20W%C3%A4hlen%20Sie%20Ihre%20bevorzugte%20Stimme%20aus%20und%20lassen%20Sie%20uns%20gemeinsam%20Ihre%20Audio-Welt%20gestalten.,1,1,0,
167,0,0,https://cdn.hailuoai.video/moss/prod/2026-05-14-05/moss-audio/voice/u_2054676293873570458/demo/1778708587932629888-397944920203503_German.mp3,200,True,474.12408300078823,6800.558582999656,6800.558582999656,6280.0,1.0828914941082255,101813,true,7c089357-b9be-4ca5-a475-c1ea9a306833,Guten%20Tag%2C%20ich%20freue%20mich%2C%20Sie%20bei%20unseren%20Sprachdiensten%20unterst%C3%BCtzen%20zu%20d%C3%BCrfen.%20W%C3%A4hlen%20Sie%20Ihre%20bevorzugte%20Stimme%20aus%20und%20lassen%20Sie%20uns%20gemeinsam%20Ihre%20Audio-Welt%20gestalten.,1,1,0,
168,0,0,https://cdn.hailuoai.video/moss/prod/2026-05-14-05/moss-audio/voice/u_2054676293873570458/demo/1778708587932629888-397944920203503_German.mp3,200,True,468.8337919978949,7017.070499998226,7017.070499998226,6280.0,1.1173679140124564,101813,true,82a32b09-f245-41f8-9ec8-7d4afb162e82,Guten%20Tag%2C%20ich%20freue%20mich%2C%20Sie%20bei%20unseren%20Sprachdiensten%20unterst%C3%BCtzen%20zu%20d%C3%BCrfen.%20W%C3%A4hlen%20Sie%20Ihre%20bevorzugte%20Stimme%20aus%20und%20lassen%20Sie%20uns%20gemeinsam%20Ihre%20Audio-Welt%20gestalten.,1,1,0,
169,0,0,https://cdn.hailuoai.video/moss/prod/2026-05-14-05/moss-audio/voice/u_2054676293873570458/demo/1778708587932629888-397944920203503_German.mp3,200,True,510.19808300043223,7992.801666998275,7992.801666998275,6280.0,1.27273911894877,101813,true,66d06193-6bc6-4766-8c71-a9f13b442be9,Guten%20Tag%2C%20ich%20freue%20mich%2C%20Sie%20bei%20unseren%20Sprachdiensten%20unterst%C3%BCtzen%20zu%20d%C3%BCrfen.%20W%C3%A4hlen%20Sie%20Ihre%20bevorzugte%20Stimme%20aus%20und%20lassen%20Sie%20uns%20gemeinsam%20Ihre%20Audio-Welt%20gestalten.,1,1,0,
170,0,0,https://cdn.hailuoai.video/moss/prod/2026-05-14-05/moss-audio/voice/u_2054676293873570458/demo/1778708587932629888-397944920203503_German.mp3,200,True,488.8677499984624,7462.112124998384,7462.112124998384,6270.0,1.1901295255180837,101813,true,ab13b167-bcea-424c-b023-4d951c0da425,Guten%20Tag%2C%20ich%20freue%20mich%2C%20Sie%20bei%20unseren%20Sprachdiensten%20unterst%C3%BCtzen%20zu%20d%C3%BCrfen.%20W%C3%A4hlen%20Sie%20Ihre%20bevorzugte%20Stimme%20aus%20und%20lassen%20Sie%20uns%20gemeinsam%20Ihre%20Audio-Welt%20gestalten.,1,1,0,
171,0,0,https://cdn.hailuoai.video/moss/prod/2026-05-14-05/moss-audio/voice/u_2054676293873570458/demo/1778708587932629888-397944920203503_German.mp3,200,True,471.4895839970268,4342.975542000204,4342.975542000204,6280.0,0.6915566149681853,101813,true,2eb05c15-ba80-4142-a92e-e95f4fee8426,Guten%20Tag%2C%20ich%20freue%20mich%2C%20Sie%20bei%20unseren%20Sprachdiensten%20unterst%C3%BCtzen%20zu%20d%C3%BCrfen.%20W%C3%A4hlen%20Sie%20Ihre%20bevorzugte%20Stimme%20aus%20und%20lassen%20Sie%20uns%20gemeinsam%20Ihre%20Audio-Welt%20gestalten.,1,1,0,
172,0,0,https://cdn.hailuoai.video/moss/prod/2026-05-14-05/moss-audio/voice/u_2054676293873570458/demo/1778708587932629888-397944920203503_German.mp3,200,True,493.08162500165054,4405.309791000036,4405.309791000036,6260.0,0.7037236087859483,101429,true,79dfe62d-61d0-499c-97b6-70ddf7aaee27,Guten%20Tag%2C%20ich%20freue%20mich%2C%20Sie%20bei%20unseren%20Sprachdiensten%20unterst%C3%BCtzen%20zu%20d%C3%BCrfen.%20W%C3%A4hlen%20Sie%20Ihre%20bevorzugte%20Stimme%20aus%20und%20lassen%20Sie%20uns%20gemeinsam%20Ihre%20Audio-Welt%20gestalten.,1,1,0,
173,0,0,https://cdn.hailuoai.video/moss/prod/2026-05-14-05/moss-audio/voice/u_2054676293873570458/demo/1778708587932629888-397944920203503_German.mp3,200,True,508.60937499965075,4394.689249998919,4394.689249998919,6280.0,0.6997912818469616,101813,true,5391c4ee-3b27-490c-af6a-73b881da9208,Guten%20Tag%2C%20ich%20freue%20mich%2C%20Sie%20bei%20unseren%20Sprachdiensten%20unterst%C3%BCtzen%20zu%20d%C3%BCrfen.%20W%C3%A4hlen%20Sie%20Ihre%20bevorzugte%20Stimme%20aus%20und%20lassen%20Sie%20uns%20gemeinsam%20Ihre%20Audio-Welt%20gestalten.,1,1,0,
174,0,0,https://cdn.hailuoai.video/moss/prod/2026-05-14-05/moss-audio/voice/u_2054676293873570458/demo/1778708587932629888-397944920203503_German.mp3,200,True,512.357208001049,4616.828541002178,4616.828541002178,6280.0,0.7351637804143596,101813,true,bf9bf71d-6316-4dbe-acd6-a220bc7160c0,Guten%20Tag%2C%20ich%20freue%20mich%2C%20Sie%20bei%20unseren%20Sprachdiensten%20unterst%C3%BCtzen%20zu%20d%C3%BCrfen.%20W%C3%A4hlen%20Sie%20Ihre%20bevorzugte%20Stimme%20aus%20und%20lassen%20Sie%20uns%20gemeinsam%20Ihre%20Audio-Welt%20gestalten.,1,1,0,
175,0,0,https://cdn.hailuoai.video/moss/prod/2026-05-14-05/moss-audio/voice/u_2054676293873570458/demo/1778708587932629888-397944920203503_German.mp3,200,True,490.87000000145053,7392.039124999428,7392.039124999428,6250.0,1.1827262599999084,101429,true,448dc0db-d636-4a71-99a7-6376bdef24e4,Guten%20Tag%2C%20ich%20freue%20mich%2C%20Sie%20bei%20unseren%20Sprachdiensten%20unterst%C3%BCtzen%20zu%20d%C3%BCrfen.%20W%C3%A4hlen%20Sie%20Ihre%20bevorzugte%20Stimme%20aus%20und%20lassen%20Sie%20uns%20gemeinsam%20Ihre%20Audio-Welt%20gestalten.,1,1,0,
176,0,0,https://cdn.hailuoai.video/moss/prod/2026-05-14-05/moss-audio/voice/u_2054676293873570458/demo/1778708587932629888-397944920203503_German.mp3,200,True,464.74995800235774,6845.818208003038,6845.818208003038,6280.0,1.090098440764815,101813,true,0fce2733-9344-45c8-be7e-b11446a29de5,Guten%20Tag%2C%20ich%20freue%20mich%2C%20Sie%20bei%20unseren%20Sprachdiensten%20unterst%C3%BCtzen%20zu%20d%C3%BCrfen.%20W%C3%A4hlen%20Sie%20Ihre%20bevorzugte%20Stimme%20aus%20und%20lassen%20Sie%20uns%20gemeinsam%20Ihre%20Audio-Welt%20gestalten.,1,1,0,
177,0,0,https://cdn.hailuoai.video/moss/prod/2026-05-14-05/moss-audio/voice/u_2054676293873570458/demo/1778708587932629888-397944920203503_German.mp3,200,True,472.0612919991254,8101.2650829979975,8101.2650829979975,6280.0,1.2900103635347129,101813,true,57827940-e203-46f1-b98a-dc08b6b8ed85,Guten%20Tag%2C%20ich%20freue%20mich%2C%20Sie%20bei%20unseren%20Sprachdiensten%20unterst%C3%BCtzen%20zu%20d%C3%BCrfen.%20W%C3%A4hlen%20Sie%20Ihre%20bevorzugte%20Stimme%20aus%20und%20lassen%20Sie%20uns%20gemeinsam%20Ihre%20Audio-Welt%20gestalten.,1,1,0,
178,0,0,https://cdn.hailuoai.video/moss/prod/2026-05-14-05/moss-audio/voice/u_2054676293873570458/demo/1778708587932629888-397944920203503_German.mp3,200,True,465.5854160009767,7416.226500001358,7416.226500001358,6250.0,1.1865962400002172,101429,true,7901cfae-86eb-44d3-a24d-397700c07ff0,Guten%20Tag%2C%20ich%20freue%20mich%2C%20Sie%20bei%20unseren%20Sprachdiensten%20unterst%C3%BCtzen%20zu%20d%C3%BCrfen.%20W%C3%A4hlen%20Sie%20Ihre%20bevorzugte%20Stimme%20aus%20und%20lassen%20Sie%20uns%20gemeinsam%20Ihre%20Audio-Welt%20gestalten.,1,1,0,
179,0,0,https://cdn.hailuoai.video/moss/prod/2026-05-14-05/moss-audio/voice/u_2054676293873570458/demo/1778708587932629888-397944920203503_German.mp3,200,True,459.0219170022465,7738.689458001318,7738.689458001318,6280.0,1.2322753914014837,101813,true,cd7b6114-95e7-4180-af97-7df0322d8d9d,Guten%20Tag%2C%20ich%20freue%20mich%2C%20Sie%20bei%20unseren%20Sprachdiensten%20unterst%C3%BCtzen%20zu%20d%C3%BCrfen.%20W%C3%A4hlen%20Sie%20Ihre%20bevorzugte%20Stimme%20aus%20und%20lassen%20Sie%20uns%20gemeinsam%20Ihre%20Audio-Welt%20gestalten.,1,1,0,
180,0,0,https://cdn.hailuoai.video/moss/prod/2026-05-14-05/moss-audio/voice/u_2054676293873570458/demo/1778708587932629888-397944920203503_German.mp3,200,True,457.1097080006439,7326.467667000543,7326.467667000543,6280.0,1.1666349788217425,101813,true,392053f0-3fe8-46bf-bf0e-b760c97d30ad,Guten%20Tag%2C%20ich%20freue%20mich%2C%20Sie%20bei%20unseren%20Sprachdiensten%20unterst%C3%BCtzen%20zu%20d%C3%BCrfen.%20W%C3%A4hlen%20Sie%20Ihre%20bevorzugte%20Stimme%20aus%20und%20lassen%20Sie%20uns%20gemeinsam%20Ihre%20Audio-Welt%20gestalten.,1,1,0,
181,0,0,https://cdn.hailuoai.video/moss/prod/2026-05-14-05/moss-audio/voice/u_2054676293873570458/demo/1778708587932629888-397944920203503_German.mp3,200,True,489.745833001507,7325.902832999418,7325.902832999418,6280.0,1.1665450371018182,101813,true,09e0476e-398c-4512-96da-623796a140b2,Guten%20Tag%2C%20ich%20freue%20mich%2C%20Sie%20bei%20unseren%20Sprachdiensten%20unterst%C3%BCtzen%20zu%20d%C3%BCrfen.%20W%C3%A4hlen%20Sie%20Ihre%20bevorzugte%20Stimme%20aus%20und%20lassen%20Sie%20uns%20gemeinsam%20Ihre%20Audio-Welt%20gestalten.,1,1,0,
182,0,0,https://cdn.hailuoai.video/moss/prod/2026-05-14-05/moss-audio/voice/u_2054676293873570458/demo/1778708587932629888-397944920203503_German.mp3,200,True,460.546999998769,4706.74091699766,4706.74091699766,6280.0,0.7494810377384808,101813,true,5e333a0b-ff1b-4bde-bc00-dd39b791b0a9,Guten%20Tag%2C%20ich%20freue%20mich%2C%20Sie%20bei%20unseren%20Sprachdiensten%20unterst%C3%BCtzen%20zu%20d%C3%BCrfen.%20W%C3%A4hlen%20Sie%20Ihre%20bevorzugte%20Stimme%20aus%20und%20lassen%20Sie%20uns%20gemeinsam%20Ihre%20Audio-Welt%20gestalten.,1,1,0,
183,0,0,https://cdn.hailuoai.video/moss/prod/2026-05-14-05/moss-audio/voice/u_2054676293873570458/demo/1778708587932629888-397944920203503_German.mp3,200,True,461.9142500014277,4608.460415998707,4608.460415998707,6280.0,0.733831276432915,101813,true,ed329a01-ef6d-4c10-aec2-20424246bdcf,Guten%20Tag%2C%20ich%20freue%20mich%2C%20Sie%20bei%20unseren%20Sprachdiensten%20unterst%C3%BCtzen%20zu%20d%C3%BCrfen.%20W%C3%A4hlen%20Sie%20Ihre%20bevorzugte%20Stimme%20aus%20und%20lassen%20Sie%20uns%20gemeinsam%20Ihre%20Audio-Welt%20gestalten.,1,1,0,
184,0,0,https://cdn.hailuoai.video/moss/prod/2026-05-14-05/moss-audio/voice/u_2054676293873570458/demo/1778708587932629888-397944920203503_German.mp3,200,True,454.5552500021586,7667.522250001639,7667.522250001639,6250.0,1.2268035600002622,101429,true,d9b3eea7-67d4-4e4d-988e-276b1091dc3e,Guten%20Tag%2C%20ich%20freue%20mich%2C%20Sie%20bei%20unseren%20Sprachdiensten%20unterst%C3%BCtzen%20zu%20d%C3%BCrfen.%20W%C3%A4hlen%20Sie%20Ihre%20bevorzugte%20Stimme%20aus%20und%20lassen%20Sie%20uns%20gemeinsam%20Ihre%20Audio-Welt%20gestalten.,1,1,0,
185,0,0,https://cdn.hailuoai.video/moss/prod/2026-05-14-05/moss-audio/voice/u_2054676293873570458/demo/1778708587932629888-397944920203503_German.mp3,200,True,509.66958299977705,4865.671790998022,4865.671790998022,6280.0,0.7747885017512773,101813,true,dbef5976-fda8-4800-91b4-f12303a663f5,Guten%20Tag%2C%20ich%20freue%20mich%2C%20Sie%20bei%20unseren%20Sprachdiensten%20unterst%C3%BCtzen%20zu%20d%C3%BCrfen.%20W%C3%A4hlen%20Sie%20Ihre%20bevorzugte%20Stimme%20aus%20und%20lassen%20Sie%20uns%20gemeinsam%20Ihre%20Audio-Welt%20gestalten.,1,1,0,
186,0,0,https://cdn.hailuoai.video/moss/prod/2026-05-14-05/moss-audio/voice/u_2054676293873570458/demo/1778708587932629888-397944920203503_German.mp3,200,True,489.93645799782826,7133.923999997933,7133.923999997933,6280.0,1.1359751592353395,101813,true,85f618a0-c81b-429f-bea8-7627b318fe39,Guten%20Tag%2C%20ich%20freue%20mich%2C%20Sie%20bei%20unseren%20Sprachdiensten%20unterst%C3%BCtzen%20zu%20d%C3%BCrfen.%20W%C3%A4hlen%20Sie%20Ihre%20bevorzugte%20Stimme%20aus%20und%20lassen%20Sie%20uns%20gemeinsam%20Ihre%20Audio-Welt%20gestalten.,1,1,0,
187,0,0,https://cdn.hailuoai.video/moss/prod/2026-05-14-05/moss-audio/voice/u_2054676293873570458/demo/1778708587932629888-397944920203503_German.mp3,200,True,479.67912500098464,7183.856916999503,7183.856916999503,6280.0,1.1439262606687106,101813,true,d971f1f8-3c4d-4cf7-86e1-176bdea0ba16,Guten%20Tag%2C%20ich%20freue%20mich%2C%20Sie%20bei%20unseren%20Sprachdiensten%20unterst%C3%BCtzen%20zu%20d%C3%BCrfen.%20W%C3%A4hlen%20Sie%20Ihre%20bevorzugte%20Stimme%20aus%20und%20lassen%20Sie%20uns%20gemeinsam%20Ihre%20Audio-Welt%20gestalten.,1,1,0,
188,0,0,https://cdn.hailuoai.video/moss/prod/2026-05-14-05/moss-audio/voice/u_2054676293873570458/demo/1778708587932629888-397944920203503_German.mp3,200,True,479.31954199884785,6985.605457997735,6985.605457997735,6280.0,1.112357557006009,101813,true,9d79b87a-cd0b-49f4-b73a-74f3e1924cea,Guten%20Tag%2C%20ich%20freue%20mich%2C%20Sie%20bei%20unseren%20Sprachdiensten%20unterst%C3%BCtzen%20zu%20d%C3%BCrfen.%20W%C3%A4hlen%20Sie%20Ihre%20bevorzugte%20Stimme%20aus%20und%20lassen%20Sie%20uns%20gemeinsam%20Ihre%20Audio-Welt%20gestalten.,1,1,0,
189,0,0,https://cdn.hailuoai.video/moss/prod/2026-05-14-05/moss-audio/voice/u_2054676293873570458/demo/1778708587932629888-397944920203503_German.mp3,200,True,263.5082080014399,6900.828999998339,6900.828999998339,6280.0,1.0988581210188437,101813,true,072afe13-98a6-4fd2-8068-b89e4ae0b7e6,Guten%20Tag%2C%20ich%20freue%20mich%2C%20Sie%20bei%20unseren%20Sprachdiensten%20unterst%C3%BCtzen%20zu%20d%C3%BCrfen.%20W%C3%A4hlen%20Sie%20Ihre%20bevorzugte%20Stimme%20aus%20und%20lassen%20Sie%20uns%20gemeinsam%20Ihre%20Audio-Welt%20gestalten.,1,1,0,
190,0,0,https://cdn.hailuoai.video/moss/prod/2026-05-14-05/moss-audio/voice/u_2054676293873570458/demo/1778708587932629888-397944920203503_German.mp3,200,True,241.28216600001906,3007.0487080010935,3007.0487080010935,6280.0,0.47882941210208496,101813,true,b6f95df8-d7f2-46d8-a511-2c04d1ccee08,Guten%20Tag%2C%20ich%20freue%20mich%2C%20Sie%20bei%20unseren%20Sprachdiensten%20unterst%C3%BCtzen%20zu%20d%C3%BCrfen.%20W%C3%A4hlen%20Sie%20Ihre%20bevorzugte%20Stimme%20aus%20und%20lassen%20Sie%20uns%20gemeinsam%20Ihre%20Audio-Welt%20gestalten.,1,1,0,
191,0,0,https://cdn.hailuoai.video/moss/prod/2026-05-14-05/moss-audio/voice/u_2054676293873570458/demo/1778708587932629888-397944920203503_German.mp3,200,True,237.82225000104518,6121.858375001466,6121.858375001466,6250.0,0.9794973400002346,101429,true,0c40fe7e-fd13-48e7-8a72-a37b9e0af1ba,Guten%20Tag%2C%20ich%20freue%20mich%2C%20Sie%20bei%20unseren%20Sprachdiensten%20unterst%C3%BCtzen%20zu%20d%C3%BCrfen.%20W%C3%A4hlen%20Sie%20Ihre%20bevorzugte%20Stimme%20aus%20und%20lassen%20Sie%20uns%20gemeinsam%20Ihre%20Audio-Welt%20gestalten.,1,1,0,
192,0,0,https://cdn.hailuoai.video/moss/prod/2026-05-14-05/moss-audio/voice/u_2054676293873570458/demo/1778708587932629888-397944920203503_German.mp3,200,True,264.29545800056076,6006.62879200172,6006.62879200172,6280.0,0.9564695528665159,101813,true,5bbcbaa6-7882-48ef-87ce-4e7974be74a9,Guten%20Tag%2C%20ich%20freue%20mich%2C%20Sie%20bei%20unseren%20Sprachdiensten%20unterst%C3%BCtzen%20zu%20d%C3%BCrfen.%20W%C3%A4hlen%20Sie%20Ihre%20bevorzugte%20Stimme%20aus%20und%20lassen%20Sie%20uns%20gemeinsam%20Ihre%20Audio-Welt%20gestalten.,1,1,0,
193,0,0,https://cdn.hailuoai.video/moss/prod/2026-05-14-05/moss-audio/voice/u_2054676293873570458/demo/1778708587932629888-397944920203503_German.mp3,200,True,237.86487499819486,6683.601374999853,6683.601374999853,6240.0,1.0710899639422842,101045,true,9e554011-20f2-436f-b6af-08ceafca3bf7,Guten%20Tag%2C%20ich%20freue%20mich%2C%20Sie%20bei%20unseren%20Sprachdiensten%20unterst%C3%BCtzen%20zu%20d%C3%BCrfen.%20W%C3%A4hlen%20Sie%20Ihre%20bevorzugte%20Stimme%20aus%20und%20lassen%20Sie%20uns%20gemeinsam%20Ihre%20Audio-Welt%20gestalten.,1,1,0,
194,0,0,https://cdn.hailuoai.video/moss/prod/2026-05-14-05/moss-audio/voice/u_2054676293873570458/demo/1778708587932629888-397944920203503_German.mp3,200,True,239.60837500271737,7022.57233400087,7022.57233400087,6280.0,1.118244002229438,101813,true,f15a23cc-8126-4991-9670-f335fd7883e5,Guten%20Tag%2C%20ich%20freue%20mich%2C%20Sie%20bei%20unseren%20Sprachdiensten%20unterst%C3%BCtzen%20zu%20d%C3%BCrfen.%20W%C3%A4hlen%20Sie%20Ihre%20bevorzugte%20Stimme%20aus%20und%20lassen%20Sie%20uns%20gemeinsam%20Ihre%20Audio-Welt%20gestalten.,1,1,0,
195,0,0,https://cdn.hailuoai.video/moss/prod/2026-05-14-05/moss-audio/voice/u_2054676293873570458/demo/1778708587932629888-397944920203503_German.mp3,200,True,489.0279159990314,3703.445750001265,3703.445750001265,6280.0,0.5897206608282269,101813,true,cdd7e869-95d6-4644-969d-207ed5418de4,Guten%20Tag%2C%20ich%20freue%20mich%2C%20Sie%20bei%20unseren%20Sprachdiensten%20unterst%C3%BCtzen%20zu%20d%C3%BCrfen.%20W%C3%A4hlen%20Sie%20Ihre%20bevorzugte%20Stimme%20aus%20und%20lassen%20Sie%20uns%20gemeinsam%20Ihre%20Audio-Welt%20gestalten.,1,1,0,
196,0,0,https://cdn.hailuoai.video/moss/prod/2026-05-14-05/moss-audio/voice/u_2054676293873570458/demo/1778708587932629888-397944920203503_German.mp3,200,True,475.1578340001288,2967.776541998319,2967.776541998319,6280.0,0.4725758824838087,101813,true,6a5cbf89-6930-4215-8fca-fc3b2876c262,Guten%20Tag%2C%20ich%20freue%20mich%2C%20Sie%20bei%20unseren%20Sprachdiensten%20unterst%C3%BCtzen%20zu%20d%C3%BCrfen.%20W%C3%A4hlen%20Sie%20Ihre%20bevorzugte%20Stimme%20aus%20und%20lassen%20Sie%20uns%20gemeinsam%20Ihre%20Audio-Welt%20gestalten.,1,1,0,
197,0,0,https://cdn.hailuoai.video/moss/prod/2026-05-14-05/moss-audio/voice/u_2054676293873570458/demo/1778708587932629888-397944920203503_German.mp3,200,True,474.5746250009688,5877.331750001758,5877.331750001758,6280.0,0.935880851911108,101813,true,22c381bb-9714-49a9-b639-1b6210b6c1e1,Guten%20Tag%2C%20ich%20freue%20mich%2C%20Sie%20bei%20unseren%20Sprachdiensten%20unterst%C3%BCtzen%20zu%20d%C3%BCrfen.%20W%C3%A4hlen%20Sie%20Ihre%20bevorzugte%20Stimme%20aus%20und%20lassen%20Sie%20uns%20gemeinsam%20Ihre%20Audio-Welt%20gestalten.,1,1,0,
198,0,0,https://cdn.hailuoai.video/moss/prod/2026-05-14-05/moss-audio/voice/u_2054676293873570458/demo/1778708587932629888-397944920203503_German.mp3,200,True,474.1788749997795,2937.9505409997364,2937.9505409997364,6280.0,0.46782651926747393,101813,true,9012dbb1-c537-41c1-89e3-28629b741f4f,Guten%20Tag%2C%20ich%20freue%20mich%2C%20Sie%20bei%20unseren%20Sprachdiensten%20unterst%C3%BCtzen%20zu%20d%C3%BCrfen.%20W%C3%A4hlen%20Sie%20Ihre%20bevorzugte%20Stimme%20aus%20und%20lassen%20Sie%20uns%20gemeinsam%20Ihre%20Audio-Welt%20gestalten.,1,1,0,
199,0,0,https://cdn.hailuoai.video/moss/prod/2026-05-14-05/moss-audio/voice/u_2054676293873570458/demo/1778708587932629888-397944920203503_German.mp3,200,True,472.0539589980035,5389.486708998447,5389.486708998447,6280.0,0.858198520541154,101813,true,486ae0f9-21a2-46cb-99e2-24c4a21de4aa,Guten%20Tag%2C%20ich%20freue%20mich%2C%20Sie%20bei%20unseren%20Sprachdiensten%20unterst%C3%BCtzen%20zu%20d%C3%BCrfen.%20W%C3%A4hlen%20Sie%20Ihre%20bevorzugte%20Stimme%20aus%20und%20lassen%20Sie%20uns%20gemeinsam%20Ihre%20Audio-Welt%20gestalten.,1,1,0,
